text,sentiment
качество плохое пошив ужасный (горловина наперекос) Фото не соответствует Ткань ужасная рисунок блеклый маленький рукав не такой УЖАС!!!!! не стоит за такие деньги г.......,negative
Товар отдали другому человеку, я не получила посылку. Ладно хоть деньги вернули.,negative
Ужасная синтетика! Тонкая, ничего общего с представленной картинкой, не яркая, рисунок растянут и тусклый, впрочем как и сама кофта- мешок! На картинке кажется приталенной на самом деле нет! Не рекомендую,negative
товар не пришел, продавец продлил защиту без моего согласия. от продавца одни обещания,negative
Кофточка голая синтетика, носить не возможно.,negative
Очень глубокие проймы,negative
Я недовольна заказом.Я вот одного не понимаю почему внизу не прошито в остальных местах все прошито.Спасибо хоть за общительность и за быстрость.,negative
"заказала размер s на от 64,об 94,начнем с того, что влезть туда могут 3 меня, они постоянно сползают и заниматься вообще неудобно.  качество ужасное, будто просто одел капроновые колготки и то, не самые лучшие, после первой носки сразу же образовались катышки.носить не буду.
читала отзывы,мб это только мне так не повезлр(",negative
Заказ я сделала в июле. С тех пор посылка отслеживалась до границы с Россией(есть подозрение что ее там потеряли), а продавец отказывался возвращать оплату или отправить повторно посылку. Общалась с ним не однократно, последний раз обещал продлить защиту, но не сделал этого. Дело не в сумме, просто принцип уже. Если ситуация изменится дополню отзыв./The order I made in July. Since the package was tracked to the border with Russia(there is a suspicion that it's lost), and the seller refused to refund the payment or re-send the parcel. I talked to him once, the last time promised to extend protection, but didn't. It's not the amount, just the principle already. If the situation changes I will add a review.,negative
Ужасное качество товара!,negative
короткая кофта нитки торчат,не суразно выглядит вообще,negative
ткань приятная. вот только пятно на спине.,negative
рубашка очень маломерит .. заказывала хл пришло на 46 размер,negative
кофта пришла с браком, вот такая дыра на горловине,negative
товар застрял во Внуково. видимо каряво написали адрес. деньги не вернули!!!!,negative
кофта выглядит как тряпка,большемерка,еще и колится,negative
Проблема с выкройкой.  Шапка сзади заворачивается как у гнома. Шапка с меховым подкладом. Попробую распороть и перешить. Не рекомендую. Хотя такая цена... не катастрофа.,negative
размер очень мал,negative
Это не толстовка, а ужас, висит мешком, не смотря на то, что размер выбирала очень долго, единственный + это очень приятный цвет. ,negative
Заказывала фиолетовую кофту размер XL, пришла очень маленькая кофта по длине 53 см и по груди тоже-детская разм. меньше чем S. Очень расстроилась, по спору присудили возврат денег 27 декабря. Выплата от 3 до 20 дней. Прошло уже 24 дня, деньги продавец не вернул, на сообщения не отвечает! Кофту такого смешного размера носить нельзя. Продавец непорядочный! Непонятно, почему Алиэкспресс после спора не отслеживают возвраты денег!,negative
В общем . Почему одна заезда? Только за то, что пришли за 1,5 недели. Остальное - ужас. Нитки торчат, пришли маломерки, молния задняя держится на бог знает чем и она кривая...я очень расстроена ,negative
материал гладкий. синтетика. летом не представляю как носить. будет очень жарко. странно , что никто не написал, что совсем нет хлопка в составе как у трикотажа , к примеру.,negative
заказ не пришёл. ждала с мая. спор открывать не буду, считаю это ниже моего достоинства. Пусть будет на совести продавца. магазин заигнорю,negative
Пуловер получил, жена товаром категорически не довольна, везде торчат нитки , за любую потянешь , кофта начинает распускаться , цвет на картинке светло розовый , послали серо - розовый , брака очень много , доделок требуется очень много. Подвальная работа .,negative
Повязка пришла вовремя , но вся драная . Очень жаль. ,negative
заказ не пришёл!!!!!,negative
Товар не пришел,negative
ставлю 1звезду, т.к товар не пришел. ждала с мая по сентябрь. деньги вернули.,negative
"ужасно! очень неудобный и в подмышках жмет
может он расчитан на маленьких девочек или девушек без груди.
Очень расстроена(",negative
ужас!!! заказ ждала 3 месяца он так и не пришел. продавец обещал что он придет постоянно продлевал дни доставки. потом я открыла спор  попросила деньги назад но ничего. вообщем кошмар.,negative
Товар так и не пришёл ((( продавец не вернул деньги (((,negative
Продавец обманщик,товар не пришёл,деньги не вернули,negative
Товар не соответсвует фото продавца. Заказывала свитер, а пришёл кардиган абсолютно другого фасона. Деньги не вернули. ,negative
К сожалению, заказ не отслеживается. Пропал... очень обидно... обратная связь с продавцом хорошая ,negative
плохо сшито, швы не ровные, нитки торчат, ткань колючая. спор закрыли не в мою пользу. модель сама по себе красивая, упаковано хорошо, по размеру подошло. но качество оставляет желать лучшего.,negative
Не держится, не прилипает, не выполняет свои функции. Выброс денег.,negative
Кофта шла с большими проблемами,  трек плохо отслеживался. Заказала XXL на свой 46 размер.  По сравнению с кофточкой я слон, т.к. эта вещь на девочку 10-ти лет.,negative
заказывала разного цвета, а пришли две одинаковые за это минус,negative
Ужасная тряпка для мытья полов. Отдала домработнице. Она правда себе взяла))) носить будет))),negative
Отвратительная вещь! Хочу уже просить деньги обратно! Очень разочарована! Я такие некачественные вещи уже давно не видела! Совершенно не то что на картинке. Ужасный покрой проймы и воротника. Ничего в этом магазине никогда не буду брать. Я возмущена - как можно такое продавать людям!,negative
Увы( товар отличается от товара предлагаемого сайтом.,negative
Свитер бракованный, запаха нет,большая, но теплая доставка долгая.,negative
товар так и не пришел продавец даже не отвечал на смс,negative
"заказывала два платья в день распродажи.одно из них пришло быстро
.а вот второе было отправлено совершенно в другой город.и его получил другой покупатель.открыла спор.целый месяц продавец пудрил мозги (((не ожидала от такого магазина бренда .Али экспресс вернул оплату за второе платье.в магазине очень разочарованна",negative
"по заказаному размеру я вписывала
сь с запасом в 5 см.Но даже не натянула!",negative
"товар не пришел
деньги не вернули",negative
продовец хотел кинуть товар типо выслал ток в другую точку мира,negative
Товар сначался ушёл в Латвию,  потом в какой то город,  вроде Гусев.  Защита закончилась,  спор не открывается,  ни денег,  ни товара!!!!  Не рекомендую!!!!!!!!  Лучше взять на несколько рублей дороже у другого продавца,  зато вещь будет у тебя.  Не рекомендую!!!!!!!!!!!,negative
очень не довольна этим продавцом!Второй раз заказывала эту кофту и оба раза она не пришла. Хоть деньги вернули.,negative
толстовка дырявая, швы не прошиты вообще,,negative
послали по другому адресу,  пришлось ставить на спор. недовольна продавцом!,negative
Размеры не соответствуют заявленным. Заказала xl,а пришла маленькая как s. Отдала худющей сестре. Заказом не довольна. ,negative
Заказанный товар пришел не того цвета. Я заказывала цвет navy, а получила navy2 - это очень темный цвет. В нашем споре я так и не смогла это доказать Продавец сказал, что я такой цвет и заказывала. .Я просила вернуть деньги за товар - они не согласились. Я хотела сделать возврат товара за их счет - они тоже не захотели. В общем, я осталась без товара и без денег. Я очень недовольна этим магазином.,negative
Товар не пришёл.Продавец тянул время.По лось открывать спор.Экспресс вмешался.Деньги вернули.,negative
Заказала L...мал((( идет на 46 р. Качество хорошее. Аккуратнее с размером,negative
Товар не получила. Открыли спор,negative
Толстовка абсолютно не такая как на фото. Очень маленькая, а на фото смотрится балахоном. Размер XXL. Качество тоже не очень. Вообщем не советую,negative
кофта не совпадает с фото в интернете к сожалению....,negative
платье не пришло в мае заказала все лето ждала и не пришло вернули деньги это плюс.,negative
заказ не отслеживался, продавец вообще не шел на контакт. 2 месяца зря прождала,negative
на фото все выглядело гораздо лучше чем оказалось в реальности. размер который я заказала оказался не просто большим а огромным!,negative
"штаны классные,  дочке подошли с небольшим запасом,  внутри небольшой начес,  но сам материал тонковат. 
Сняла звезды за то,  что штаны пришли с браком: там где шов слишком мало ткани на припуск и были не прошиты,  и прошить сложно,  так как материал в этом месте без запаса и даже зацепиться не за что,  чтобы прошить.  Открыла спор,  но деньги не вернули.  
Хоть бы смотрели,  что отправляют.  Обидно  - деньги на ветер.",negative
первый раз столкнулась с подобным обманом,, прислали пустой пакет. спор открыла сразу,, но решение не в мою пользу (крайне разочарована в людях,negative
Леггенсы ужасть. Ткань еще норм, но выкроны одинаково что спереди что сзади, так что не садятся на женскую фигуру как надо и везде собираются складками, хотя фигура у пеня нормальная. В икрах плотно, попу расплющили, под попой и в паху складки, талия высокая и свободная. Такие вещи лучше мерить перед покупкой. Если вы любите что бы сидело хорошо - не берите. ,negative
Заказ пришёл изначально в другой город ,ждала очень долго из за этого, продавец не общался!!!,negative
Приехал платок половина его а вторую половину себе видно оставили это ужас ,negative
Платье пришло с браком!!!! Продавец не отвечает и не вооачивает деньги!!! Ужасный продавец, заказывать у него больше никогда не буду, все очень плохо!!!!!,negative
не стоит покупать. лучше переплатить и купить норм кофту,negative
"Доставка быстрая-единственный плюс.

Платье тонкое! Не на осень даже, а на лето. Таблица размеров не совсем точная, платье великовато. Карманов нет, это ""обманка"". Длина на рост 165- ниже колена. В общем я осталась недовольна, т.к. заявлено,что платье тёплое.",negative
рост туловища явно не на наших девченок) пошить очень криво,negative
заказа не получила, деньги не вернули!,negative
Велико,negative
Посылки нет уже 3 месяца.Продавец уверяла ,что в пути.Номер не отслеживался.Открыла спор.Продавец просил закрыть.Вмешалась служба алиэкспресс.Они решили вернуть мне деньги.Поэтому ни одной звезды.,negative
Заказ не прислали! Деньги не вернули!,negative
не подошел размер хотя заказывала самый большой,negative
выглядит дешево,рукава в обтяжку,а на картинке свободные,учитывая что я худее модели на фото продавца,negative
Товар так и не пришел, продавец дал левый трек который отслеживался - что его давно получили в другом городе, когда я ему написала сказал что все прийдет, но ничего так и не пришло. Обман,negative
пятно не отстирать и на самом видном месте,negative
"очень не довольна!совсем не то ч
то на фото и не такая как в отзывах!увидела бы в магазине не взяла бы ни за что!",negative
Ужасное платье. Тонкая прозрачная синтетика самого низкого качества. Продавец очень долго отправлял заказ, отправил в последний день назначенного срока! Несколько раз пыталась по этой причине отменить заказ, но продавец говорил, мол, уже отправил. Качество, повторяю, ужасно, носить не буду, висит мешком. И цвет вообще не соответствует картинке.,negative
На все ногу стрела,очень не довольна ,negative
Это не платье не стоит и 200 рублей. Кружево просто обрезано не обработано, подклад ужасный пришит как то и где то-выбросить и забыть,negative
Продавец кормил завтраками и уверял, что посылка пришла. Итог: на сообщения не отвечает, трек не отлеживался изначально, деньги возвращать отказывался. Спасибо али за разумное решение спора и деньги вернут. Не заказывайте у этого продавца, он настоящий мошенник, вор и врун! ,negative
Размер брала l чтобы было свободно.В итоге все обтягивает и еще короткое для роста 170 . Не такое как на картинке,negative
"НЕ СВЯЗЫВАЙТЕСЬ НАРОД С ЭТИМ +ПРОДАВЦОМ, ЭТО ПРОСТО МОШЕННИК!!!
ДЕНЬГИ СНЯЛИ, НИ НА ОДНО МОЁ СМС НЕ ОТВЕТИЛИ-ПОЛНЫЙ ИГНОР С ИХ СТОРОНЫ, СООТВЕТСТВЕННО НИКАКИХ ДЕНЕГ МНЕ НЕ ВЕРНУЛИ, А У МЕНЯ БРИЛЛИАНТОВЫЙ УРОВЕНЬ- это ускоренный возврат и обработка споров!",negative
ТОВАР ОЧЕНЬ ПОХОЖ НА КАРТИНКУ. НО СИНТЕТИКА НА 100%, И ОЧЕНЬ КОРОТКИЙ,negative
Воняет, ткань гавно, короткие,negative
Пальто не довольна. Крой абсолютно не соответствует модели, поэтому она не сидит, как нужно, просто весит мешком. На фото представлен оригинальный итальянский пуховик. Воротник на пуговицах, по краям вообще не держится! Необходимо отдавать в профессиональную мастерскую, чтобы вещь доводили до ума. Не рекомендую эту модель для стройных, она не будет сидит должным образом.,negative
Я ожидала другого, качество плохое, на них оказалась дырка и я сразу их выбросила, вторые были получше.,negative
Модель интересная,но качество ожидает желать лучшего. Не стоит своих денег(на рынке китайском висят по 600 руб. И ждать не нужно.,negative
"Очень красиво описываете ,но мне не подошло не по размеру я в него просто не влезла хоть и худенькая, стройная .
Отдала ребенку 12 лет и на эту костявую худышку еле натянули и не до конца.У девочке платье вечернего нет в незастегнутом состояние она решила оставить себе.Но если так и в следущий раз будет отправлю вам плохо описываете размеры и нет качество матеряла это очень плохо !!! 
 Доставка 800 рублей,писали 1166,92.
Очень давольна за быструю доставку огромное спасибо.",negative
Качество отвратительное,negative
Товар не пришел, деньги вернули только через спор,negative
шорты не пришли .,negative
Я не получила товар вообще!,negative
продавец не прислал заказ и деньги не вернули не рекомендую этого продавца,negative
тонкая ткань. пошив кошмар. впереди сборит, .короткие. еще и мега клеши ко всему!! в общем даже на дачу стыдно..)..,negative
Заказывала все согласно размеру , пришло S как на маленького ребёнка! Может М была бы как раз , а так рукав 3/4 , короткая до пупка. Хотя к меня 42-44! Незнаю деньги на ветер по поему! Короче ткань тоже подкачала швы торчат! Думала на футболку буду одевать.... ,negative
Продавец ужасный ! Футболка не пришла !!! Деньги не вернули !!! Челябинск !!!!!!! Больше не закажу у него ни чего !!!,negative
Совершенно безответно! Отправил не все что я оплатила! Деньги возвращать не хочет! Ещё раз отправить товар отказался! ,negative
Товар не пришел, деньги вернули. ,negative
Неудачно подобрана картинка в качестве описания товара! На самом деле джинсы по фасону широкие в талии и больше подойдут девушкам невысокого роста с широкими бедрами.  По составу очень добротные - преобладает хлопок, но и эластана достаточно, что бы коленки сразу не вытягивались. Цвет насыщенно черный.  Размерная сетка неточная на размер, а учитывая свободу кроя в талии и в бедрах даже на два. Я брала по размерной сетке на 44 (российский), а оказались на 48 размер. Продавцом довольна! Спасибо за Вашу работу!,negative
Трек отслеживался. На мой 48 размер- XL маловат. Мне не уютно, хочется по длинее и свободней. Кофточка хорошего качества, Рукава как раз, не короткие. После стирки не села . Состава не бв,negative
Не стоит заплаченных денег((( ткань плохая, полоска чёрная на самом видном месте,negative
Майка не отслуживалась и я Ее не получила в итоге мне вернули деньги,negative
качество очень плохое.  непонятно из чего сделано,negative
За 3 месяца ничего так и не пришло. Худший продавец!!!!,negative
Воротник криво пришит, было обидно поскольку отзывы были хорошие.,negative
Размер не подошёл , заказывала ХL, очень огромный на мой вес 50 кг,negative
сначала обрадовалась, что вроде и отзывы плохие, а продавец исправился, стал высылать епакетом. выслать то он выслал, только в другой город! долго препирались, говорил что нужно подождать! чего подождать, пока майка сама ко мне придёт?!) в общем, отзывы плохие-это походу правда,negative
Продавец выслал подделку отвратительного качества. Когда открыла спор и попросила вернуть часть денег в виде компенсации, то деньги продавец не вернул, не подал ни звука, ни сообщения. Ноль реакции. Ни в коем случае с ним нельзя работать.,negative
Ужасное качество, такое ощущение, что тряпку положили ,negative
синтетика галимая, за такие деньги можно было и из хлопка сшить. цвет намного темнее, чем должен быть,negative
Жаль, товар так и не пришёл .Но продавец сразу вернул денежку . За это ставлю 5,negative
"Размер не соответствует.
На рост 168, размер 42-44 взяла М. оказалось мало. Присутствует посторонний запах.",negative
Изначально знала о плохом качестве вышивки по отзывам, но рукава просто  добили... Спор открыть не смогла фото и видео не загрузились.,negative
ворот большой кривенькая косенькая гасить не буду не советую брать эту вещь ....,negative
майка классная,но исполнение очень хромает. все розы с зацепками,сеточка на которой пришиты розы сбоку разорвалась и будет рваться дальше. я очень расстроена. такую вещь даже не оденешь,сбоку в сетке уже видна дыра и нитки распускаются.,negative
товар пришёл с браком. Продавец отказался  идти на контакт.Открыла спор. Продавца не рекомендую, лучше заказать у других,negative
Продавец очень долго не отправлял товар, открыла спор, чтобы вернули деньги. Спор закрыли, ни товара, ни денег. Продавца не советую,negative
соответствует только цвет,ткань не шифон,плотная очень, вырез горловины очень узкий,доставка быстрая.,negative
"Качество ужасное. Шов от  подмышки до бедра всего 20 см при размере 2XL. На фигуру нормальных пропорций это  не надевается.   Зато пригодно для толстого карлика.

В ширину боди болтается, а в длину не натягивается. Продавец путает цвета.",negative
Товар не прислали, открыла спор , сказали вернуть им платье. Я попросила, пришлите мне его, что я верну, если его нет. Спор закрыли, потому что я не вернула платье , которое они мне не прислали. На контакт не идут, говорят своё. Деньги не возвращают и товар не присылают. Продавца ооочень не рекомендую, развод.,negative
Начиталась я отзывов,и ждала эту кофту очень сильно!Но меня огорчила эта кофта,во первых она с затяжками и на ней коричневое пятно,во вторых колючая(терпеть не могу такое) и в третьих,посылка шла очень долго!,negative
прислали грязную блузку,negative
качество отвратительное .через несколько дней пополз по швам,negative
посылка не пришла вовсе,деньги вернуть отказались,спор закрыли,negative
"Вообще не понравился, во первых отличается
 от картинки и цвет и фасон и качество,швы очень толстые,поэтому на плечах и по бокам
 топорщится, в общем только в деревне носить, где тебя ни кто не видит. PS всем,кто больше 42 не рекомендую брать)увеличивает настолько фигуру, ужас",negative
Заказ шел больше месяца с платной доставкой СДЕК. Сначала уточнили адрес, потом перезвонили и сказали, что только в пункте выдачи можно получить! Ближайший пункт оказался гораздо дальше почты, что меня не устраивает совсем. Теперь о самой кофте... Качество ужасное! Сестра заказывала точно такую же, но качество в разы лучше. Эта же блестящая голимая синтетика. Цвет совпадает с картинкой и это наверно единственный плюс.,negative
товар не пришел.продавец просил ждать бесконечно. деньги вернули при помощи али.,negative
Не пришло.,negative
Продавцом не довольна.Товар не пришел,деньги вернули.Ждала 50 дней,но продавец лишь увеличивал дни доставки.На открытие спора по истечении 50дней отреагировал негативно.Не советую!,negative
Не очень довольна покупкой. Сидит на мне она плохо, выкройка рукавов сделана не точно-начало рукава не под мышкой, а ниже сантиметров на 5,в связи с этим скованность движений рук в этой блузке. На 50-52 размер заказала XXXL.,negative
Выбирала резинки peanut, пришли другие. я не довольна.,negative
не пришел пакет. Потерянное время.. вернул деньги только при открытии спора.,negative
Очень огорчило...заказали размер L а привезли  XL очень обидно ,negative
Заказ пришёл быстро. Качество кошмарное:ткань очень дешёвая,сшито безобразно, где-то не прошито,где-то перетянуто, кнопка с дефектом,размер S я думаю подойдет девушкам которые носят L...Открыла спор,заказом не довольна. Не рекомендую. ,negative
Доставка отвратительная, шло полтора месяца, продавец не может дать вразумительные ответы на то, где моя вещь, но сама жилетка пойдет, мех лезет, внизу шкурки очень плохие ,negative
вообще не соответствует заявленому фото! во первых горловина-ее нет на модели!и  как по мне она портит свитерочек. во вторых -вязка! посмотрите на модели она легкая,почти просвечивает,а на деле плотная вязка,объемная я сказала бы. Вообще свитерок планировала летом носить,так как по заявленому фото он кажется легким,а на деле жаркий.Продавец охотно стал общаться со мной когда я  открыла спор 17.08,сегодня 04.09,возврата денежных средств так и не поступило. Что это?обман? не советую свитер. Он не соответствует заявленному фото. Разницу я думаю вы и сами видете.  Подкачал конечно заказ,впервые за столько лет заказов я столкнулась с таким..,negative
"Пуховик захотела сразу. Модель очень понравилась. Долго разбиралась с размером, общалась с продавцом. Продавец отвечал наобум, до последнего сомневалась. У меня объем груди 105, объем бедер 116 если мерить правильно по выпуклым точкам, а не просто охватить сантиметром вокруг бедер. Сомневалась между 48 и 50 размером. В жизни ношу 46-48 российский. Продавец советовал 52!!!!! Хорошо что не послушала. На указанные объемы пуховик сел очень хорошо. Длина при росте 173 чуть ниже колена. НО!!!!! имейте в виду что модель внизу широкая, очень свободно в бедрах. Продавец позиционирует пуховик для температуры -20. Не верьте!!!!! Ему -10 максимум. Мне пришел товар с браком!!!! В плечах рукава ""пустые"". Одела при температуре -2, руки замёрзли хотя под пуховиком была флиска!!!! Капюшон тоже неудобный, слишком широкий, для ветренной погоды не годится!! Объявила спор. Али отказали в компенсации. Имейте в виду проблемы данной модели. Продавец отвратительный!!! больше никогда к нему не обращусь!!!!",negative
Расстроена что присылают такое ,negative
ткань очень тонкая, страшно одеть, вдруг разойдется, не тратьте деньги, лучше купить чуть дороже в магазине чем выкидывать 700р на ветер.На улицу в таком костюме точно не выйдешь,negative
Качество не хорошее,negative
Брал рубашку для мамы, размер выбирал xxxxxl(5xl), пришла рубашка размера xs. Даже жене моей малая, она носит 42 размер.,negative
Так и не дождалась заказа...Через 2 месяца ожидания открыла спор на полный возврат денежных средств...,negative
Посылку ждала , но так и не дождалась. Из заявленных 14 дней прождала 35...В итоге открыла спор и благодаря помощи Алиэкспресс продавец вернул мне деньги, хотя изначально не хотел их возвращать. Больше заказывать у него никогда не буду!!!   ПШЛНХ узколазые!!!!!,negative
"фасон и цвет не соотвецтвуют   это очень плохо
плохой продавец",negative
Размер отправили не тот. Деньги отказались возвращать!!! Рейтинг говорит сам за себя. НЕ ПОКУПАЙТЕ НИЧЕГО У ЭТОГО ПРОДАВЦА,negative
"К сожалению, свой заказ я так и не получила. Доставка СДЭК постоянно морочила голову, постоянно переносила сроки доставки, и в итоге, пока я ждала курьеров, которые так и не приехали, прошел срок подтверждения заказа. Получилось, что я и без денег осталась, и без джинсов. Не знаю, что случилось, возможно служба СДЭК просто потеряла мой заказ, потому что кормили меня ""завтраками"" больше трех недель и в итоге так ничего и не доставили. Я бы посоветовала продавцу найти другую, более ответственную службу доставки. Очень обидно, что так получилось. Больше в этом магазине заказывать ничего не буду.",negative
Продавец общительный, но товар не пришёл, деньги вернули,negative
Товар не пришел , продавец без проблем вернул деньги,negative
Продавец - мошенник. Дает чужие трек-номера. The seller lies and gives other people's tracking numbers. Не связывайтесь с ним, не покупайте товары со скидкой за монеты! Это обман! I had very bad experience with this shop! Choose other seller if you don't want problems!,negative
Заказ спустя 2 месяца так и не пришел. По отслеживанию он только успел вылететь из Китая. Я очень ждала это платье. Больше всего, что не понравилось, это то, что заказ закрыли без моего ведома, ни спор открыть, ни деньги вернуть. очень расстроилась((((,negative
очень долгая доставка. торчат нитки, неприятный запах. на правом плече дырка,negative
ЦВЕТ ЗАКАЗЫВАЛА РОЗОВЫЙ,НО ОН НЕ РОЗОВЫЙ А НА БЕЛЫЙ ЦВЕТ.И ДЫРОЧКА НА СЗАДИ.ФАБРИЧНЫЙ БРАК.,negative
не денег не товара, лето прошло а я так и не дождалась заказа.,negative
Так и не пришли ,negative
заказала платье белого цвета,пришел вообще какой-то ужас,в три размера больше ожидаемого, расцветка ужасная вообще не та модель.. Очень расстроена!!! Ждала около двух месяцев и разочаровалась.,negative
Заказ не был получен. Деньги так же не были возвращены.,negative
Китайцы !!! Такие уроды !!!! В последнее время офигели совсем !!!  Ничего не высылают , хамят в смс и деньги не отправляют ,negative
отсутствует меховой воротник.наверно забыли положить,negative
товар заказывала в июле уже декабрь товар не пришел,negative
Начнем с того, что они пришли черные, а не синте как я заказывала, плюс полное отсутствие обещанного «теплого бархата» и я отдала 960р за лосины которые могла бы приобрести ну руб за 500 максимум...,negative
Посылка не пришла спустя даже 4,5месяца. На Сообщения продавец отвечал только одно - ждите, бывает идёт долго или быстро, ждите. Не дождалась. Заказывала к началу лета. Спасибо.,negative
Кофту неудобно носить, все время подпрыгивает вверх,negative
Товар не пришёл. Заказала в конце мая,так и не дождалась. Продавец просил закрыть спор,ссылаясь на то,что они скоро отправят товар. Но,к сожалению,так и не пришёл. Деньги вернули. ,negative
штаны пришли бракованные, продавец деньги не вернул. выкройка не правильная, в районе карманов лишняя ткань см.3 с обоих сторон. не берите. качество тоже хрень, внутри мех пришит криво, стягивает так, что ногу не согнуть. короче  говно,negative
Шорты пришли большие , хотя заказывала размер S, не довольна!!,negative
шорты не дошли до адреса, товар неотслеживался, вобщем магазином остался не доволен,negative
Бюстгальтера я так и не увидела, посылка не дошла. Открыла спор и написала не нужно возвращать деньги просто пришлите еще раз мой заказаный товар. Продавец просто проигнорировал мое сообщение и молча закрыл спор. Разочарована и конечно же не рекомендую,negative
Отвратительное качество. Пайетки осыпаются, бока тянут, проплешина, нитки торчат и плюс ко всему через всю пятую точку полоса. Буду открывать спор.,negative
Ждала почти 90 дней,  так и не пришли,  продавец кормил обещание  трек отправил другой,  по треку человек другой получил,  в другом городе,  с другой фамилией.... Узнала на почте России... Как открыла спор деньги вернул....,negative
Заказывала платье к новогодней фотосессии. Переплатила за более быструю доставку, написала продавцу просьбу отправить побыстрее, чтобы успеть к срокам. Продавец якобы пошёл на встречу. При этом якобы отправил товар в последний день защиты через 10 дней). Указал трек, который не отслеживался, ещё через 10 дней я открыла спор, и чудесным образом трек «заработал» и по нему стало понятно, что прод отправил его только после открытия спора!!!!! До этого кормил обещаниями или смахивал все на непонимание и плохой английский. Конечно же, платье шло очень долго (не смотря на платную доставку). Ужасный запах, дыра на рукаве! Спасибо, али, вернули деньги! Продавец отстой! Хуже нет ,negative
Товар не отправлен деньги верну ли не все! Развод какой-то ,negative
Рубашка на один раз. После первого раза обнаружила такие дырки на швах и на петле для пуговиц. Зашить это невозможно. Я очень расстроена. А ещё пуговицы к воротнику пришиты, и его не отстегнуть, смотрится не очень.,negative
не считая того что по бокам зашила сама,negative
Мне не повезло, куртка плохо прокрашена, причём только спереди. Продавец на контакт не шёл, Али деньги не вернуло. ,negative
"что я могла конечно ожидать за 400р , я догадывалась , но не на столько , мне пришла толстовка из марлевой ткани , с
 кривыми швами везде , не советую брать",negative
Очень короткие рукова,жмет в груди и ужасно пахнет(,negative
Не пришло платье, очень расстроилась, ждала его 3 месяца :(,negative
товар так и не получен... ужасный продавец. ни клму его не рекомендую,negative
товар не соответствует картинке..и качество ужасное. очень тонкий материал..все просвечивается и очень короткое..на этикетке написано рост 165..но на мой 160 еле прикрывает попу...в таком ходить дома не получится,тоже самое что голой ходить. я запросила возврат покупки 250 р. алиэкспресс вернул за несоответсвие товара действительности. может другие модели поплотнее ткань. но мне явно не повезло. а я так ждала эту посылку:((((,negative
Синтетика. Огромный размер ,negative
Трусы шили 3 разных человека. Сшивал части слепой. Одна часть-швы наружу, как изнанка, вторая часть швы вовнутрь, третья опять наружу. Какой стороной носить-решайте сами. Одна или 2 стороны в любом случае будут изнаночные. Еле еле добилась возврата средств!,negative
Не получила! Куртка из Китая даже не вышла, продавец кормила лапшой, я хавала((( сроки шли спор не открыла вовремя.  Ни куртки,  ни денег.,negative
качество не очень, естб затяжки! плюс размер не по сетке, М слишком большая оказалась! к телу не очень приятно! носить наверное не буду! большемерит,negative
It had come damaged.,negative
Качество отвратительное! После часовой тренировки материал скатался от тренажера. Не берите этот ширпотреб.,negative
очень плохая губка, совсем не держит волосы . нету гибкости.,negative
материал отвратительный,negative
Вещь на фото и в реальности- разные вещи. Фасон, цвет- да. Но детали, качество шерсти, объем вязки- совершенно иные. Смотрится дешево. Цветок выглядит на кофте  в реальности недоразумением, т.к. он гораздо меньше и выполнен менее качественно, чем на фото.  Жесткий, колючий, горловина в действительности узкая, резинка на поясе очень узкая, не тянется, реальный размер 44.  Вдоль швов торчат нити, выполнено неаккуратно.,negative
Тонкая синтетика, телу не приятна(( принт целый, но не тот который заказала... Заказала по размеру, а мне оно большое((((((,negative
Материал хороший покрой не правильный ходить не возможно нет шага деньги потрачены зря штаны выбросила НЕ БЕРИТЕ не советую продавец не отвечает,negative
Очень долго шло, продавец продлевал защиту, большие проблемы с получением. Свитер на 44-46 впритык, нитки везде торчат, какой-то несуразный, рукава узкие, ворот распорот, вонь несусветная из пакета и от изделия. Продавец вместе с подарком положил какую-то отвратительно вонючую отдушку, даже комнату проветривала. Сам тонюсенький, смотрится дешево, красная цена 200 рублей. Не рекомендую!,negative
не пришли. возврат денег при вмешательстве али только,negative
Товар не получила.,negative
Вместо шорт пришла какая-то фигня, ещё и три месяца была в пути,negative
Открыли спор - кофта не пришла. И итоге деньги продавец не вернул.,negative
за 3 месяца продавец так и не отправил товар, и не ответил ни на одно сообщение....,negative
На фото выглядит теплой на самом деле обычная кофта .,negative
Товар что вы мне прислали совсем не похож на оригинал. Короче просто подарила магазину 360 руб,negative
Дырки на рукаве, в остальном очень мягкая и приятна,negative
Товар так и не пришёл, спор не открывала. С продавцом не общалась.,negative
товар не пришел (,negative
Так и не доставлен товар! Заказывала в мае!!!,negative
Товар так и не пришёл, продавец просил подождать, я ждала но когда осталось 20 дней до конца защиты заказа , то я попросила вернуть мне деньги! Этого не произошло, заказ так и не поступил! И деньги не вернули! Не доверяйте! Вас тоже обманут,negative
Это не платье, а скорее удлиненный свитер. Даже в качестве туники коротковат - сзади чуть прикрывает попу, но если чуть наклониться,  то она будет видна. Только для домашней носки с леггинсами, но считаю, что 890 руб. оно не стоит. Швы на плечах сделаны грубо и топорщатся, увеличивая плечи визуально. Ткань вроде бы приятная на ощуп, но если надеть на голое тело без майки, через 5 минут начинает колоться и чесаться (((,negative
I haven't received the order. The seller doesn't contact,negative
не пришло!!!! возмущение без границ!!!! открыв спор обвинили,в лжи!!! отвратительно!!! денежные средства не вернули!!!,negative
это не норка, а какой-то, непонятно чей, очень сильно крашеный мех в черный цвет, присутствует запах, сильно лезит, сиденье в машине всё в шерсти, рукава широковаты по длине всё норм на параметры 93- 83 -106см 170 рост размер L сел хорошо, но у меня плечи узкие... хотя размер xl тоже бы подошёл. доставка курьером, брала за 17200,negative
"тонкий трикотаж,не стоит этих денег....у нас  есть магазины ""всё по 250"" - так там можно лучшее купить...",negative
"Не пришел товар, деньги не вернули. Открыла спор, продавец ответит что-то типа ""да да,спасибо за понимание"". Товара нет, денег нет. Не советую,не рискуйте.",negative
заказ так и не пришёл.  продавец постоянно просил подождать ещё.  не дождалась. оказалось, что товар даже не был отправлен.  открыла спор, вернули деньги.,negative
Я разочарована, у продавца не верная таблица размеров, обратите на это внимание. На грудь 88 у продавца стоит размер L, что я и заказала, оказалось на 10 см широко в груди. Открыла спор, но денег не вернули,negative
Вообще не получила свой заказ. Прождала более 60 дней. Посылка так и не пришла. Продавец предложил заказать еще раз (!!!), Трек не отслеживался с самого начала. Очень жаль... так хотелось эти резинки.,negative
заказывала L на свой 48. оказалось очень мало. еле надела. очень тонкая. как марля. не советую,negative
Платье так и не пришло,деньги вернули.,negative
Ужасное качество заказала специально больше на размер, дак не скрывает даже живот. Открыла спор и его закрыли не вернув за товар деньги! ,negative
C'est des gros menteur il n'ont jamais envoyé la commande et quand j'ai dit pour le remboursement il sont dit sais pas possible,negative
Очень сильно красят кожу. Вымачивание в уксусе не помогло,negative
все прекрасно,кофтой давольна,подошла по размеру,качество отличное. Быстрая доставка,спасибо продавцу. Рекомендую,negative
"Товар не пришел, продавец обманул. Возвращать деньги и высылать новый отказался.

Не советую.",negative
Качество не очень, низ не подшит, смотрится  стремно. Кроме того торчат нитки, швы какие то перекрученные, даже дрессировка не спасает. Зоя купила, думай теперь что делать с ней, как подшивать и т.д.,negative
Заказывала красный халат,  прислали фиолетовый!!!!  Халат не очень длинный,  чуть ниже колена,  товаром не довольна!,negative
Заказывали зеленого цвета, а пришел черного. Очень плохо господин продавец. Может в этом магазине работают дальтоники?,negative
Товар не пришёл, ждала больше 3х месяцев. Деньги вернули с помощью Ali.,negative
Вобщем лучше не заказывайте, ибо все плохо. Везде дыры швы не дошиты. И еще размер не тот прислали. Еще доставка 2 мес,negative
Пришли бракованные, с широкой полоской по длине, сами короткие, постоянно задираются. На ощупь мягкие, но качество подкачало(((,negative
Качество так себе. Пятна на подкладке. Швы кривые. Пуза мало. Не советую,negative
заказывала ранее такие же лосины черного цвета у этого же продавца в размере L подошли идеально. На этот раз пришел размер XL который мне очень мал! и цвет не соответствует описанию - вместо бежевого пришел золотой! ужасно! спор не смогла открыть потому что после оплаты нечаянно нажала подтвердить получение.,negative
ужасное качество даже для 200р,negative
Ужасно просто!майка пришла с дыркой.ее неинадеть даже и не выйти на улицу!очень разочаровалась!продавец сказал вернёт деньги,но обманул меня и тянет со временем!не заказывайте!,negative
не советую брать,сразу стали рваться,ужасные резинки,negative
как получила,померила и сразу выбросила,что я хотела за эти деньги?!?,negative
Товар не пришёл. Продавец отказывается возвращать деньги.  The goods did not come. The seller refuses to return the money.,negative
Размер указанный в описании не соответствует: размеру 2XXL -по обхвату груди заявлен 125 см,по факту 110 см.Диалог с продавцом не получился.Нахамил.В итоге  испорченные нервы и настроение.Будьте внимательны при заказе,Доставка тоже оказалась платной.,negative
Ничего не пришло. Пыталась открыть спор, так ничего и не вышло. Отправили посылку не сразу, трек не отслеживается. Хорошо хоть не много денег стоит, не рекомендую связываться.,negative
товар так и не пришел, трек не отслеживался,negative
Товар шёл 4 месяца. Подали на спор. Ждём свои потраченные деньги за товар.,negative
К сожалению, товар так и не получила, но продавец оказался общительным и сразу вернул деньги,negative
заказала 24.11, пришла 16.01...еще и маломерка,negative
"Возврат через Спор. Люблю эту марку, несколько рубашек уже куплено у других Продавцов, но этот товарищ вообще не вывез. 5XL превратились в XL, заказанного цвета внезапно не оказалось в наличии, запросил смену расцветки, вся эта лабуда со смайликами и ""я приказал складу напрячься для вашего заказа"", и - вишенка! - вторая замена расцветки. Заказ отменила, но Продавец не только не подтвердил это действие (""укажите в причинах ДРУГОЕ, а не ОТСУТСТВУЕТ ЗАКАЗАННОЕ""), но ещё и ОТПРАВИЛ посылку, что было видно на сайте отслеживания. Посылка была отправлена  ДО того, как диалог скатился до состояния ""калоприемник переполнен"", на два дня раньше. Фу так делать, Dioufond Official Store!",negative
тянется как кишка во все стороны, брак в виде отверстий,negative
Кофта не очень хорошего качества, при вскрытие пакета вышел запах дешёвого Китая, края низа кофты не обработаны,negative
очень долго шёл заказ и вообще  он не того качества как описано,negative
куртка пришла быстро,с фотографией совпадает только цвет,на фото видно что внутри подкладка и швы закрыты кантом, в реальном изделии забыли пришить подкладку, прислали половину куртки! она очень широкая, карманы в боковых швах очень неудобно! халтура! не верьте фотографии на модели!!!,negative
Штаны идеально подошли по размеру. Кофта короткая, никак не на рост 165 см., как было указано в таблице размеров, у меня рост 160см.,на рукаве поперечный шов, из-за которого рукав в ширину вообще не тянется. Т.е. кофта на выброс. До этого заказывала такую же пижаму в другом магазине, это же размер, все подошло идеально. Я высылаю фото, на котором видно и шов и длину кофты, сравните с длиной показанной вами на картинке.,negative
Размер совершенно не соответствует, XL-на 44 российский! Застежка оторвана,...,negative
упаковано хорошо и пришло довольно быстро , НО ....ужасный материал ,нитки торчат ,рукава короткие .Недовольна покупкой!!,negative
заказ не пришёл и не отслеживается.,negative
заказ делала 13.10. пришло за месяц в Ростовскую обл. Очень внимательно читала отзывы, сравнивала и сопоставляла и в итоге - не угадала. заказывала 27 , мои параметры об 98 от 67, мало!! Нужно было заказывать 28 или даже 29. Длинна подходит хорошо.,negative
заказ не отслеживался, и так и не пришел. может конечно вина службы доставки,negative
настоятельно не рекомендую покупать эти водолазки. я такую ужасную синтетику ещё с Али не получала. всякое бывало, но это вообще из ряда вон. для примера скажу что после стирки эта кофта высохла за 7 минут, совсем как носки капроновые. она ужасно колется и прозрачная. про пошив одно слово- ужас, строчки пляшут, скроено неровно, повсюду нитки. может раньше продавец и присылал хорошие вещи, то теперь нет. не выбрасывайте деньги, пусть и небольшие. доставка .была быстрой. плюс могу поставить за то что быстро согласились вернуть деньги по спору,negative
Я его не получила. Вышел спор. В одном заказе я оплатила 2 костюма, а мне отправили 1 костюм, но оплату продавец пытался получить за 2 товара. Возник спор и решить его удалось только с AliExpress/ Поэтому продавцу за ловкачество- самый низкий балл. Я Не Рекомендую Продавца. Это очень плохо, когда тебя пытаются обмануть.,negative
Товар не пришёл,negative
Ужасное качество, синтетика, просвечивает и колется, крой не правильный, у горловины морщит все, обработка на плечах и рукавах не соответствует фото, торчат нитки. На моделях совсем другая кофта. Хорошо, что часть денег вернуть обещали. Я это не надену, только выбросить. Очень жаль, когда заказывала, было только 1 реальное фото, а потом уже начали писать недовольные покупатели, если б знала, не покупала бы. В ней просто не комфортно даже находиться, все чешется.,negative
после стирки, принт стал желтого цвета(((( и черные ушли стали зелеными(((,negative
Шапка налезла только на 4 летнюю девочку.Шла долго.не довольны- очень маленькая,negative
"Очень долго решалась на покупку и наконец-то выбрала хорошего продавца по рейтингу. Заказала себе юбочку и ждала когда она придёт. Пришла она в срок и в симпатичной упаковочке. Но! Когда я ее раскрыла поняла что мне пришёл какой-то китайский размер. Она не то что короткая, я со своим стандартным для европейской девушки ростом почувствовала себя великаном! Плюс ткань очень тонкая и прозрачная и подюбник узкий и короткий! Сидеть не возможно! Но я думала продавец пойдёт мне навстречу и вернёт хотя бы 50% от суммы чтобы я смогла попробовать свою ""удачу"" в другом магазине. Спорт решили в мою пользу, но деньги так и не пришли. На мои письма не отвечает. Я очень НЕ РЕКОМЕНДУЮ этого продавца. Не тратье время и деньги.",negative
очень долго шла футболка, качество на троечку, просвечивает.,negative
заказ шёл два месяца и не дошел,negative
"Прислали рубашку отвратительного качества и непонятного цвета. Швы все вылезшие, белые нитки,строчки расползаются, выглядит убого и очень неаккуратно. 

Про цвет уже и говорить нечего - вместо того сине-голубого цвета, который они показали на фото товара, прислали рубашку, покрытую черно-серо-грязными пятнами с ярко-зелеными вкраплениями. Надеть стыдно...

Оценка товара - самая низшая.",negative
заказ очень огорчил! не покупайте это платье. своих денег не стоит. я б его вообще не покупала, если б знала, каким оно окажется. во первых - цвет. не соответствует . вообще не синий. во вторых - качество. ужасное. липлет, электрезуется. носить невозможно. открыла спор - половины суммы вернули. но я все равно расстроена,negative
Такое чувство, что эту куртку, которая выглядит как фуфайка, сшили за одну ночь. Цвет вообще не соответствует. Не рекомендую покупать эту куртку ни в этом магазине, ни в другом.,negative
 Товар пришёл с заводским браком . Продавец на встречу не пошёл ,negative
заказ так и не пришёл,negative
Посылка провалялась 2 месяца на почте китая! И продавцу было абсолютно насрать где она и что она и мои какие то сообщения игнорировал! После чего я соответственно открыла спор? Время уже истекало . И что вы думаете этот уродец наверное решил пошевелится и вуаля она быстренько появилась !!! Не советую !,negative
Размерная сетка не соответствует! Заказала xl, бюст - 89 см, вместо 98!! Качество хорошее, но он маленький...  Нет ни одной бирки. Продавец ни на одно сообщение не ответил! Спасибо алиэкспресс, что вернули деньги по спору!,negative
Посылка так и не пришла, виновата почта России,negative
фуфло,ткань как марля ,нитки торчат ,Не стоит этих денег,negative
Несоответствие размера, xxl только на 46 р. , розовое пятно на самом видном месте, но за эти деньги , наверно, лучшего не приходится ждать))),negative
Не заказывайте бурда, лучше купить дороже платье но оно будет нормальное ,negative
плохо! качество материала ужасное! не похоже на то, что на фотке вообще! сидит плохо + велика,negative
товар не пришёл. продавец деньги не вернул. не советую этого продавца,negative
Товар не отлеживался, доставка заняла 2 месяца, пришлось открывать спор. В итоге шарф пришёл, но пришёл не тот цвет. Продавец только посочувствовал и ничего не предложил. ,negative
пришла с дырой,negative
Плохое качество,сидят не очень за счет этих полос,которые перетягивают,материал тонкий, точно не порекомендую это хлам!!,negative
"Изделие выполнено не профессионально, небрежно.Допущены спущенные петли и пропуски при сшивании деталей, карманы косые. Пряжа использовалась в ""одну"" нитку, поэтому кардиган не держит форму, тонкий, узор не объемный.  Иметь такую вещь в гардеробе не порекомендую.  Спасибо Алиэкспрессу, что вернули деньги.",negative
Продавец - мошенник! Вместо кофточки отправил какой то брелок! Первый раз с таким столкнулась на этом сайте.  Нельзя у него ничего заказывать!,negative
Прислали не тот цвет, спор закрыли, деньги не вернули! Не советую продавца и товар, продают лишь бы что то отправить, очень не давольно!!!,negative
качество оставляет желать лучшего. Рукава как будто рваные,negative
Джинсы шли почти месяц. Оказались, коротковаты на рост 162, пахнут. В общем, заказ не очень понравился.,negative
Прошло два месяца, но заказ так и не пришёл. Ни заказа, ни денег. И возврата, так понимаю не будет. За  6343 руб. Я могла бы не плохой пуховик в России купить!!!! Осталась очень недовольной!!!! Больше ничего не буду заказывать у этого продавца,  жаль фирма хорошая. Продавец на связь не выходил. ,negative
Заказал товар у данного продавца 01.06.2017.  По истечению срока доставки продавец не вернул средства,  а постоянно просил подождать товар, потом стал писать, что я виноват сам, что заказал доставку эконом, прошло 120 дней,  посылка не пришла, продавец возращать средства отказался. Открыл спор, продавец мне предложил сумму возврата 0.00 $. Тем самым подтвердил, что мошенник. Решением Алиэкспресс деньги вернулись. Не рекомендую данный магазин, продавец лжец и мошенник, не прислал товар и хотел кинуть на деньги. Обходите стороной данный магазин!!!!,negative
Качество товара отвратительное! торчат белые нитки и непрокрашенные клочки меха... в споре продавец вернул только 10% и быстро закрыл спор,negative
товар так и не пришёл, продавец продливал 4 месяца. Деньги возвращать не хотел, открыла спор. Деньги вернули.,negative
Ужасная юбка пришла!!! Она тонкая, ужасно мятая и воняет!!! Сверху не прошита, разошлись нитки... просто кошмар!!! Как можно отправлять людом такой товар!!!!!!!!,negative
Девочки! Не покупайте этот костюм! Просто потраченные в пустую деньги. Тонкий, а штаны это вообще кошмар! ,negative
"заказ не пришел. Продавец отправил на неверный адрес. Спустя 1,5 месяца с момента оплаты, начали звонить и уточнять время удобное для доставки. Причем звонили по 4 раза на дню и каждый раз удивлялись, что я не живу в указанном продавцом городе. Исправляли данные м все по-новой. Две недели звонили!!!!  Связалась с продавцов, конечно, попросила вмешаться . Прислал ответ, что проверит адрес и исправит. И тишинааа... а доставка звонииит. В общем истек срок защиты и я открыла спор о возврате денег. Продавец не вникая абсолютно, предложил набраться терпения и ждать товар!!!!  Бессовестно. Его косяк,  а он еще и дураком прикинулся... ждите... Спасибо Али, деньги вернули. 
заказывала в этом магазине уже и была оочень довольна качеством одежды. Эта ситуация оставила неприятный осадок. Продавец не порядочный. Врядли буду заказывать здесь снова.",negative
Ужасное качество, кружево твёрдое и колючее, на плечи не ложится, сожалею, что заказала эту вещь, носить невозможно, настолько колючее кружево, это подделка, не советую к покупке, продавец не вернул даже 50 процентов суммы, не порядочный, кофту эту только выбросить, носить невозможно,negative
Юбка слишком объемная, но это ладно. Шов почему-то расположен снаружи, тоесть ткань расположена наизнанку. Придется перешивать.,negative
"нормально: тонкая ткань, похоже на длинную футболку, на рост 160 нормально

плохо: очень некачественный шов сзади, смотрится как будто в кучу :с жаль",negative
долго  шла  11 11 17 закази  сегодня  10 01 18,negative
"Большая в талии, еще и в бедрах полнит.
Очень расстроилась:(",negative
1.цвет не соответствует описанию!али одобрил возврат части средств,прошёл месяц.Денег нет!,negative
Заказала шорты 29.07, товар не пришёл. Спор открывала дважды, первый раз продавец попросил закрыть и немного подождать. Ситуация не изменилась, поэтому открыла спор снова. Деньги вернули очень неохотно. ,negative
линяют безобразно. три раза замачивала в порошке, простирала на машинке и все равно линяют. Размер l и xl ничем не отличаются, на русский 46 натягиваются с трудом.,negative
размер не соответствует вообще- 7XL подходит только на 52р,negative
Не понравился. Очень тонкая ткань, просвечивается. И фасон не совсем такой как на фото. Коротковат и выглядит мешковато.,negative
не пришел товар,negative
легинсы отвратительные .Пришли во первых не тем цветом что я хотела .Во вторых они не тянутся .легинсы должны тянуться а они как из тряпки сделаны .Очень маленькие .На ребенка лет 13-и.Вобщем не рекомендую!!!,negative
Размер не соответствует заявленному. С боку торчит пух, из за дефекта ткани. Открыла спор. Продавец его закрыл и деньги не вернул. Общаюсь с службой поддержки по этому поводу. ,negative
"Заказала 22.11.17 пришло 10.01.2018. 
Отправили в течении суток. 
Ослеживался полностью. Ожидания не оправдались. Повелась на отзывы и количество заказов. Упакован был нормально, пакет в пакете. Снимала видео при распаковке и не прогадала. Товар пришел с дыркой на самом видном месте. чуть выше груди.ещё и поползла дырка. Написала продавцу - ни ответа ни привета.  Пришлось открыть спор - вернули часть денег. Товар поврежден, я заказывала целый. 
Надеюсь продавец будет более внимателен и товары с дефектом отправлять не будет.",negative
Платье оказалось маломеркой. На 42-44 в S нельзя даже пошевелить руками, резинка проходит прям после груди, из-за чего сразу создается эффект отсутствия талии и фигура бочонок. Разочарована....,negative
Пижама в пятнах, в затяжках. Продавец не отреагировал на это.,negative
the package arrived fast, but the size was so small,negative
у этого продавца ранее заказывала два раза, но эта посылка так и не пришла, деньги вернули, но постоянно спорили. продавец писал , что посылка получена, присылал скриншоты и тд., но номера в скриншотах были старых посылок.,negative
Свитер пришел быстро, но на вороте брак, на самом видном месте, разъехались нитки сильно, вид весь испорчен. Не рекомендую продавца, как можно отправлять товар в таком виде, не проверяют видно когда отправляют. Очень расстроена, это впервые за всю историю моих покупок на сайте.,negative
товар так и не пришёл, заказала 29.06 уже пятый месяц продавец обещает что посылка придет обязательно, деньги не вернули трэк не отслеживался,negative
блузка, к сожалению, ко мне так и не пришла,negative
Мало. По поводу размера советовалась с продавцом и все равно очень мало, не соответствует таблице. Первый промах в этом магазине и продавец никак не реагирует на сообщения. Обидно,negative
Свитшот так и не пришёл, продавец долго делал мозги, говорил отправит новый заказ, но так и не отправил... продавца не советую никому!,negative
Свитер по качеству неплохой, но размер s  соответствует скорее xl. На фото изящная талия, в действительности свитер более подходит для беременных. Вместо синего прислали черный. Воротник неудобный, его надо подворачивать вовнутрь, а не наружу, из-за этого очень не комфортно шее.,negative
восторженого отзыва, увы, написать не могу(  у лосин. абсолютно не соответствует размерная сетка! на рост 165см вес 62 ОТ 75см ОБ 99см брала XXXL , в объёме они огромные, а вот длина на 5 см короче заявленной. После спора вернули 300рублей и занесли в чёрный список)))))),negative
ужасный. не берите, отличается от фото, ужасный запах,колится что-то,просто ужас.,negative
ужасный костюм,ткань тонкая ,резинки  на штанах все растянуты,начала спор в итоге закрыли  и даже не оповестили.не советую никому его брать.,negative
заказ так и не получила. заказывала 6 мая, но так и не дождалась. Около 3,5  месяцев ждала, продавец продлевал защиту в одностороннем порядке. Открыла спор. Деньги вернули сразу.,negative
"футболку  не
получила, отвратительная работа почты",negative
Ни товара ни отслеживание ни возрат денег .,negative
Увы и ах, но оценить товар не представилось возможным. По сей день получить не смогли, так как он НЕТ. Как то так,вот!,negative
дурацкая куртка! Не соответствует описанию! Она не зимняя и даже не осенняя! Это  ветровка из тоненькой плащевки, к которой зачем то пришили мех. Перед тем как заказать спросила у продавца на какую температуру куртка, он сказал на - 10 со свитером. Я бы на него её одела со свитером и отправила к нам в Россию в -10 градусов, посмотрела бы на него. Придется отдать в отелье отпороть мех и носить летом. Буду открывать спор чтобы вернуть половину стоимости и на эти деньги оплатить отелье чтобы отпороть мех и носить летом. По моему это будет справедливо.,negative
Какой ещё отзыв!? Мой размер XS рост 157 и вес 42 и даже при этом всем свитер мал, везде короткий, чуть живот прикрывает, но стоит только повернуться или сделать шаги, весь пупок наружу! Ужас, а не обслуживание. Продавец обманщик ужасный, да легче отдать деньги прохожему, чем заказать у этого ужасного человека вещи! Спор открыла на возврат средств, а его закрыли. За то, что описание товара и размер вообще никак не совпадает с реальностью ещё я и не права!!?? Да таких продавцов надо сразу выкидывать и запрещать им продавать вещи! Мишуру свою себе лучше впихивай, чем людям за деньги продавай! Фуфуфу такому продавцу! ,negative
Платье очень тонкое и прозрачное , в нем никуда не пойдёшь ,negative
"ОЙ, девочки. Не покупайте в этом магазине.

ОБМАНЩИКИ. 

Купила штаны, выбрала размер по рекомендации продавца.

шли очень долго.

В итоге, большие на два размера.

Продавец предложил возврат или обмен с моей оплатой отправки.

Это как вообще, я купила, мне не подошло и я еще должна оплатить возврат.

Более того, продавец еще предложил дополнительную скидку на будущую покупку за оставление положительного отзыва!!!! 

Думайте и читайте отзывы.",negative
УЖАС!!!ТАКИЕ БОЛЬШИЕ,ТРЕБУЮ ВОЗВРАТА!!!,negative
"Поставщик -обманщик.Товар не о
тправил. Заказ был закрыт без моего ведома. Ни денег ни товара. Так поступать подло....Больше никогда здесь заказывать не буду и вам не советую",negative
заказала 22.04 сегодня 1.09 товар не пришел.,negative
товар не пришел продавец отказался вернуть деньги .хорошо что алиэкспресс вернул деньги,negative
Кофта плохого кач-ва,швы расходятся,рукава коротковатые.Вообщем такая себе.,negative
рубашка,классная шла месяц,но маленькая,очень огорчилась, 5хl на 56 мал,negative
Ужасный продавец. Не советую ничего заказывать. Товар не пришёл. Деньги не вернули.,negative
Закрыли спор и не вернули деньги, так дела не делаются, не советую магазин!,negative
Заказ не пришёл вообще. Деньги вернули. ,negative
"Костюм очень сильно маломерит, очень сильно! Носить не возможно! Мой рост 174, мой размер ""м""- штаны очень короткие и рукава на кофте тоже! Я конечно не ожидала и очень расстроена .. ",negative
Очень ужасное качество и размер не соответствует заявленному!,negative
пишут что теплые а на деле ооооочень тонкие,negative
Товар не пришёл,ждала три месяца, сейчас жду деньги.,negative
Заказ так и не пришел,продавец не отвечает.Не советую продавца.Мошенник,negative
Ужасно, один рукав узкий, да вообще весь крой ужасный, и в кривь и в кось... носить не буду,negative
Это пиздец товарищи!курта то хорошая ,но как оказалось мой размер M,мне велик размера на 3.не знаю как так получилось,может бирки перепутали и лейбл,я не знаю...,но в конечном итоге продавец не копейки не возместил,до последнего тянул со спором,нехотя отвечал на Сообщения.Спор закрыли по истечении времени.Ужасное обслуживание и поход к клиенту!P.S. :куртку продала,но остался осадок...,negative
заказ оооочень долго шел, так и не дошел!!! 3 раза продливали срок, в итоге открыли спор , деньги вернули через неделю, хоть что то радует!!!,negative
Рукава были порваны с двух сторон. ,negative
если честно качество оставляет желать лучшего,хотя и цена наверное такая!!фото нет так как  и не успела одеть стрелки пошли,negative
Ужасный товар. Подмышками все весит,negative
ну свитер так себе. похож на дешовую водолазку. бусинки все отпываютя,negative
"Заказала 4XL в итоге на два размера меньше, чем в вашей размерной сетке, у вас для это размера указаны  мерки, по ним подбирала индекс размера, во общем советую вам подкорректировать, чтоб показания мерок соответствовали сути. Да, качество очень хорошее. Но слишком огромная разница между размерами заявленными и по факту.

У этого продавца больше не буду заказывать, нет четкости в действиях и бардак с размерами. Да, и рукава, не прям не реально короткие и во обще все мерки по их таблице не соответствуют реальности. надсмехательство, как будто он скопировал таблицу мерок и не думая вставил себе на страницу.",negative
юбка пришла ваще не та,что заказывала,цвет другой, шорт нет, короткая ппц (на какой ваще рост она сделана?),negative
Трек не отслеживался ни на одном из предложенных продавцом сайтах. Товар не доехал. И в дополнение ко всему не смогла открыть спор, при заполнение бланка спора, когда нажимала товар не пришёл, то заполнение закрывалось и было написано- по нашим данным товар был доставлен. Потеряла деньги. Очень неприятно.,negative
одноразовая фигня, которая не держится,negative
узкая!!! рукава короткие, чуть ниже чем три четверти, хотя пишут что длинный рукав!!!! это обман!!!! открыла спор хотя бы на компенсацию, сам сайт закрыл спор без всего!!!! продавец вообще ни слова не написал!!! в черный список этот магазин!!!,negative
Товар мне не пришел в течении 3-х месяцев. Но деньги вернули.,negative
Продавец просто сука( два месяца не отправлял посылку, в итоге деньги вернули, а жаль, футболку очень хотелось...,negative
Товар не пришёл обидно (((((  единственный + вернули деньги,negative
на фото красивая вещь,а пришла безформенная ,не симметричная тряпка,negative
не положили шнурок,negative
куртка полный неликвид, деньги на ветер, продавец обманщик,negative
Цвет бледный, швы кривые, нитки распущены!!!,negative
Я не знаю,какую фигуру нужно иметь,чтобы данное чудо дизайна подошло.До этого Заказала хл мал.Заказала на размер больше-в груди норм,на спине пузырь,ж..а,извините-в натяг(об-98).Кроме,как назвать это китайское дерьмо.Отдельно ушат помоев на CDEK-желаю им разорится.У меня пуну выдачи рядом с домом,они отсылают х з куда и на просьбу ,даже с доплатой поменять пункт-нет нельзя.Доставили 28 декабря ,смс пришла только вчера.Доставка очень долгая 2 мес.Короче не рекомендую к покупке ,negative
Очень короткая ,negative
продавец не отправил посылку,дал неверный трек. на споре долго упирался,что это я дала неверный адрес.не рекомендую!,negative
в жёлтом цвете подкладка просвечивает, нарисовали ручкой с изнанки тоже просвечивает. товар низкого качества. если брать то темного цвета,negative
куртка маленьеая, с надписью на спине дисгей, короче для детей, предупреждать надо, шла почти два месяца, это первый заказ от которого я растроилась,negative
Товар собирался долго , я заказал платную доставку , но отслеживания не было, доставка была бесплатной , попросил другой цвет , продавец согласился и в итоге отправил что у него было. Никому не рекомендую тут покупать , если есть возможность ищите другого продавца,negative
Выглядит совсем не так как на фото! Качество за такие деньги могло быть лучше(( в пакете с кофтой попались остатки ниток(,negative
вернули деньги . саасибо АЛИ.вожможно  виновата  нашв почта.,negative
Товар так и не пришел за 3 месяца. Команда aliexpress вернула мне деньги.,negative
Г...но полное. Спина не такая, замок другой, молния выпирает. Ткань очень тонкая, липнет к телу и просвечивается. Цвет намного темнее, брала бирюзу. Не купила бы , если б встретила в магазине. Зря выкинула деньги. Даже для домашней носки - отстой! Отправляли очень долго. Сама доставка быстрая. За это 2 звезды, больше не за что ставить выше. ,negative
Ужасная рубашка,пришла без пуговицы,нитки все вылазиют,еще и спор закрыли,ужасный магазин,negative
не соответствует, ткань сильно тянетсяч запах сохранился после стирки,negative
"Юбка сделана из жуткой синтетики, которая моментально электризуется. На улице в жаркую погоду носить будет невозможно. Первым в описании состава идет хлопок - его там нет совершенно!  Большемерит. 

Смотрится намного объемнее, чем на фото. Можно одевать только на танцы в стиле 50-х.",negative
ужасные леггинсы!!!размер вообще не совпадает.длина на 10см длиньше чем надо!к низу от колена широченные!придется ушивать и подшивать.брала похожие в другого продавца,намного лучше были.решила взять подешевле и зря!,negative
Пришла совершенно другой свитер, только цвет совпал,negative
Юбка оказалась мала ,заказала размер L а он совсем не L а очень маленький (как s),negative
"ужасный запах от вещи даже после стирки,
 модель и цвет как на фото, размер s соответствует 42,",negative
пришли обыкновенные черные капронки 20 ден,negative
Very upset. Skirt do not match the description. To wear It is not possible,negative
Непонимаю восторженных отзывов, качество ткани ужасное(ткань от лосин), две звезды за доставку, девочки пишите реальные отзывы ведь мы на них пологаемся!!!,negative
Я не получила товар до сих пор. Я расстроена ,negative
Запах противный, ткань тонкая. Толстовка совсем не такая как на фото. Она короткая и какая то несуразная. карманы почти сразу под грудью. Продавец не отвечал ни на какие вопросы, заказ отправлял очень долго. Никому не советую ни продавца ни товар.,negative
Ужасно, товар не пришёл, деньги не вернули, спор закрыли , кошмар!!!,negative
Товар ждала долго,перешло ожидание на третий месяц!Спор открывала два раза!Продавец доказывал,что она в пути,посылка не отлеживалась!Отказывался возвращать деньги!Модераторы Али вернули деньги со второго спора!Пижамы след простыл,даже и понятия не имею как так можно холстяной относиться к работе,negative
Безобразная прострочка,нитки торчат,карманы плохо пристрочены и под ними ткань не обработана вообще.,negative
толстовка отвратительного качества! во-первых, материал у неё шершавый внутри, что не очень комфортно. во-вторых, верёвочки не как на фото, не соответствуют оптсанию.И в третьих,очень много ползающих ниток.,negative
На внутренней поверхности ужасный клей, который размазывается по груди.,negative
товар не пришел и деньги не вернули мне! не заказывайте у этого продавца ничего!,negative
Рубашка очень классная! Но мне не повезло( В плечах очень мала. Видно что шов выше плеча, поэтому плечо выпирает. А потом заметила что вместо заказанного М (на 42-44 заказала М) прислали S! Это видно по заклеинному размеру на упаковке. Это возмутительно! Лучше бы L прислали, ушить если что можно. Ужасный поступок!!! Только из-за этого снимаю звезды! Я разочарована((((,negative
размер не соответствует заявленому,ткань-скользкая как плащевка,как чехол для одежды ,не рекомендую!,negative
шляпа на один раз мадамы давайте не лайкать реальность..на 46 размер заказали xl и о чудо даже ента шняга не на лазиет на русский размер 46. задумайтесь люди.я понимаю что проще удалить лот и уже вижу такую же шнягу у барыги дешевле другим лотом потом удаляем и молчим следующие.но..я не такой.пошли все на..я Русский ..меня не на.е.п.а..ти кто? нитки прут размер на китай  рост 151 не больше при заказе хл или хуел. короче шнягус.на девочку до 10 лет. не бойтесь делать возвраты при фото. али возвращает деньгу. спасибо,negative
Товар не пришел, деньги не вернуди. Связаться с продавцом не получается.,negative
лето кончилось, а брюки я так и не получила, открыла спор, но деньги продавец так и не вернул, поэтому не рекомендую этого продавца.,negative
Пошив очень плохой! Швы перекошенные, торчащие нитки, строчки косые.,negative
мало по размеру,  изображение не соответствует картинке. продавец вернул часть денег.,negative
швы плохие. не состыковываются.  но пришло очень быстро.,negative
Ужасно!Не пришел! Прождала два месяца!Не заказывайте,negative
ужасно.товар не пришел.столько ждала и всё просто так ..,negative
"товар не получил! заказывал второй раз, в первый пришла мигом регистрированной почтой, сейчас выслали безтрековой. дождавшись окончания времени доставки открыл спор, деньги вернут, а блузку дочке придется покупать в 3 цены из за жадности отправить регистрированной почтой...
нудежа было много, не приятно...",negative
Кофта очень плохого качества , размер L на 44 русский оказался маленький, короткий , рукава 3/4. Продавец вернул частично деньги ,negative
товар не соответствует заявленной модели, спереди очень коротко, сзади слишком длинно,negative
заказ шел очень долго, ткань приятная на ощуп, а сшита не качественна, и внизу порез,negative
товар пришёл за 1,5 мес,не соответствует размеру рукова один длиньше другого,ужасное,выкинула сразу на мусорку,negative
Трудно оценить товар, так как в итоге я его не получила. Хотя в отслеживании указано, что товар прибыл в место назначения.,negative
Качество халата хорошее, только пошит не качественно. Я думаю по фото все видно.... Что с ним делать дальше пока не знаю. Но капюшон очень классный!!!  ,negative
ждала, но товар так и не пришёл. не покупайте у данного продавца,negative
Платье пришло с зацепкой спереди, на видном месте((( очень жаль, носить не смогу,negative
"Очень плохая вязка, рыхлая, думаю, что после стирки растянется.

https://m.itao.com/item/4000000296848949",negative
Размер самый маленький, но и он оказался мне большим. Описание не соответствует,negative
В описании товара указано - хлопок. Этикетка говорит о другом: 50% полиэстер, 40 % хлопок, 10% вискоза. Нитки везде торчат.  Недовольна покупкой. Это обман покупателя.,negative
не пришёл заказ,прошло полтора месяца, деньги не возвращают,negative
долгая доставка. кофта вообще качество ужасное. цена за нее завышена.,negative
9 июня заказывала. товар так и не пришел. 2 сентября вернули деньги. Не приятно.,negative
Пришли все в дырках,ужасное качествл,воняет не носибельно.Деньги не вернули.Не ведитесь на эти хорошие отзывы),negative
Странный материал, полоски на рукавах очень плохого качества, частично стёрты, очень короткая,negative
Рубашка размера 3xl не подошла на мой русский 50!!! Вообще! Там даже нет намёка на то, что она сойдётся на моем размера груди. Это жесть какая-то. Это какой надо брать? 6xl? Качество ок, больше ничего хорошего не могу сказать. Плюс продавец отправил товар вообще по другому адресу и внутри Москвы он блуждал ещё недели 2 из-за этого. ,negative
Товар так и не отправлен! Ведётся спор и возвращают деньги.,negative
Фиг Вам. Заказ не пришел. деньги вернули через спор, продавец не соглашался на возврат денег, просил ждать.,negative
куртка размером М маломерка. Подошла только 12 летнему ребенку,negative
Заказ пришёл без тапок! Где тапки?))),negative
блузка пошито не ровно,один край длинее другого!!!швы грубые неаккуратные!,negative
Очень долго не отправлялся заказ, хотя транзакция прошла через карту, что я уже начала переживать ха свои деньги. Размер не подошёл. Я ношу xs и платье мне оказалось мало в груди и плечах. Платье не лапша! Оно не тянется. Деньги продавец не вернул,negative
она не белая, она жёлтая. спасибо алиаэкспрес, спор закрыл в мою пользу, продавец тоже без проблем согласился вернуть 70% от суммы. может быть в другом цвете, куртка бы выглядела иначе. а так, я конечно очень расстроена. одна из худших покупок на алиаэкспрес .,negative
мне не понравилось. ткань неприятная и брак - белая полоска посредине. и ниток куча. по размеру подошло, но рукав короткий,negative
Продавцом не довольна! Товар не пришёл,деньги не вернули,спор закрыли! На Сообщения продавец не отвечает!!!,negative
товар не подходит по размеру и не соответствует описание,negative
Ужасный запах,  это второй заказ с таким запахом,  на второй раз - звезда,  собирается там где начало ног,  протит всю картину,  -звезла,  с момента заказа  прошло более 2-х месяцев,  очень долго, на фоне других моих закозов этот - самый ужасный,  больше ни за что не буду заказывать в этом магазине.,negative
Платье куплено в соответствии с указанными размерами.  Объем груди 84, объем бедер 94. S в груди очень свободно, а в бедрах мало сильно! Сесть страшно, кажется разойдется по швам. Носить не могу. Напишите в описании объем бедер тоже!! Оно реально сшито снизу с сужением. Очень жаль.. Ткань хорошая, не просвечивает, легкое летнее платье..,negative
Цвет реально пришёл ЖЕЛТЫЙ! не белый, не бежевый, не как тут многие пишут молочный, а реально желтый. Разочарована. Носить не буду( просто деньги на ветер,negative
отвратительный товар. пошито из кусков. рукава очень короткие(даже для моего роста) размеры не соответствуют.,negative
Время доставки закончилось, деньги списали а товар так и не прибыл.,negative
Не могу ничего сказать.Бодьше 2 месяцев заказывала,а товар не пришел и трек не отслеживается.,negative
Заказа до сих пор нет, открыла спор, попросила продлить защиту, этого так и не сделали,negative
Заказывала 2 кофты в серой и синей расцветках, серая была как раз,а вот синяя большего размера, открыла спор чтобы вернуть хотя бы пол стоимости , продавец писал чтобы меньше половины стоимости вернёт, в итоге Администрация сайта AliExpress вернула пол стоимости,negative
кроме бла,бла,бла продавца ничего не получила за свои деньги,negative
что тут говорить: так и не дошло, спор закрыл Али не в мою пользу, мол посылка доставлена на пункт выдачи, ничего не знаем, забирайте там. а там ничего нет! деньги не вернули, не советую связываться: мелочь, а неприятно!,negative
Заказывал жене размер 4xl, подошло только дочери (9лет). Посылка гоастралировала чють ли не по всей России. Продавцом не доволен.,negative
Заказ не пришёл деньги не вернули!!!,negative
Затяжка прямо спереди!!!!,negative
Заказ не получила, спор открыть не дали. Говорили что заказ в России уже. В итоге ни денег ни товара.. продавец даже не ответил на моё сообщение( ждала с сентября ,negative
заказала юбку размера М,  а она налезет только на девушек с размером XS,negative
Товар уехал в другой город, деньги обещали вернуть.,negative
нитки торчат ,швы неровные,такое ощущение, что вот— вот разойдутся,очень неприятно.,negative
"Водолазка не понравилась((( хотя взяла по отзывам, т.к. ее тут очень нахваливали. цвет не розовый, а грязно бежевый, материал к телу не прилегает, выглядит как некий рубчик. по длинне не подошел, т.к. застегнуть на клепочки не получилось, не хватает длинны материала. ог 88, от 70. 
носить не хочется((( я расстроена",negative
После стирки весь джемпер в катышках( не рекомендую ,negative
заказ не пришел, продавец кормил завтраками, не хотел возвращать сумму! спасибо администрации за возврат средств,negative
качество очень низкое, рукава намного короче, чем заявлено на фото, цвет темнее - словно этой футболке уже лет 5 и ей мыли полы,negative
Самое большое разочарование!!! Отвратительная и несуразная вещь, рукава коротковаты, какая то мешкообразная спина, куда может поместиться ещё одна Я. На картинке совсем иначе смотриться. Вобщем выброшенные деньги.,negative
товар не пришел, продавец закрыл спор, обманщик и деньги не вернул, не рекомендую категорически, обмане.,negative
заказ не пришёл и деньги не вернули.не советую заказывать,negative
Очень плохое качество, ни одной этикетки, ни размера, ни состава, синтетика,negative
Сначала долго не высылали заказ. Подумала ну ладно, 11.11 все таки. Потом посылка пришла, но не мне и не моя. Продавец просто перепутал трек номер.. просто перепутал. Потом дал мне правильный... и оказывается блузку мне только выслали, в тот день, когда дали трек номер. Супер. Качество тоже супер (нет). Качество отвратительное, сами видите на фото. Бирки тоже нет (в отличие от других вещей этого магазина). Крч я очень недовольна ,negative
товар не пришёл, деньги не вернули. по этому номеру прислали резинку.,negative
заказала на свой 48 размер XXL. маломерит очень сильно. максимум 42 пришел. очень короткий на рост 170 еле попу прикрывает. так и не поняла в чем фишка платной доставки. посылка пришла на почту точно так же как и с бесплатной доставкой. ткань гольная синтетика. ранее за такие же деньги получала аналогичные товары намного лучшего качества от других продавцов. осталась не довольна.,negative
Майка не пришла, деньги вернули только по решению Алиэкспресс.,negative
заказ не пришёл, и я н успела открыть спор, ужасно не довольна,negative
"Первый раз пришёл НЕУДАЧНЫЙ заказ!
как видите, горловина полностью порвана, на фото не видно, но свитер реально грязный, как будто его носили лет 5 или на складе провалялся! описание не соответствует товару, цвет горчичный, а не ярко-желтый как было заявлено. В нижней части очень широкий балахонистый, поэтому S-кам вообще брать не советую, сразу говорю-не подойдёт! Ждать, конечно, пришлось немало... Такого отношения продавцу к покупателю я ещё не встречала! данный свитер своих денег не стоит!!! 
",negative
Очень долгая доставка, с учётом того я выбирала платную доставку и со сроком от 14 до 24 дней, а платье пришло за 59 дней. И качество не очень платье просвечивается.,negative
Искренне не рекомендую данный товар( очень расстроилась. Качество - стеклянная синтетика. Только кружева ничо такие. Несмотря на заказанный размер, и мои не так что бы большие формы - комбез мне мал) врезается в пах. Продавец очень тянул с отправкой, поэтому посылка пришла ровно в последний день обещанного срока. Очень жаль(,negative
Ужасное платье . Носить его невозможно. Можно только сфотографироваться. Весь бюст наружу. Хs на сой размер 40-42 ещё и висит. Цепочки рвутся ,negative
Не расстегивается внизу ,negative
юбка так и не пришла,заказывала 4 марта,сегодня уже 10 июля.,negative
Информация о товаре дана не верно! На резинке чулок 2 белые полоски! Что делает их похожими на спортивные гольфы как для футболистов! Это совсем не то что ожидалось, на картинках изделие однотонное...,negative
Товар так и не пришёл!!! После того как срок истёк автоматом перешёл в отзывы даже не успела открыть спор, несмотря на истечении срока решила ещё некоторое время подождать но товара так и нет.  Очень разочарована! Осторожнее с этим поставщиком не попадитесь так же как и я на обман!!,negative
Пришло достаточно быстро. Заказывала S, но толстовка оказалась маленькой (мой рост 158, вес 45). Очень не приятная ткань на ощупь. Полиэстер. Написано, что хлопок + полиэстер. На руке написано что-то маркером. Не советую.,negative
даже на одну ногу не налезли. штаны на ребенка 12-14 лет .хотя XXXL.очень не довольна. таблица не соответствует. продавца не рекомендую.,negative
Упаковали не аккуратно, клеящий слой приклеился к упаковке.  При открывании повредился.  Ничего он не держит,  на теле неприятно,  края вырезаются в кожу. Разочаровалась в товаре.,negative
"Очень долго шел товар, я уже спор открыла, не надеялась и он пришел. Заказала М, но на мой размер 44 она велика, широка. Думаю ушить, не знаю, что получится. Качество по 5-ти бальной шкале на ""3-"". На фотографии смотрится намного лучше, чем есть на самом деле.",negative
"товар отправили не правильно, в другую область, совершенно другому человеку.
деньги вернули.",negative
"заказ шел долго 3,5 недели,  размер не соответствует.Заказала xxl, начитавшись
 отзывов думала будет даже свободно,  но оказалась печалька,  размер на 12 летнюю девочку мак. 42, лосины не соответствуют описанию и качеству. Девчонки это даже не кожа, это полный отстой и своих денег не стоит,  даже не знаю кому их отдать.",negative
Ужасная куртка все кнопки оторваны,с продавцом решала вопрос вернуть мне хоть не много денег он отказал ,и сам остановил спор!,negative
Куртка пришла ужасная, открыла спор, одобрили меньше половины стоимости, до сих пор не вернули, прошло две недели,negative
Продавец не отправил товар , на Сообщения не отвечал.Деньги вернули . Не рекомендую.,negative
Очень тонкая ткань, даже черный цвет поросвечивает, не стоит этих денег,negative
товар так и не пришел!!!!,negative
Пошито отвратительно,negative
Пуховик на 3-. Пух вылезает из всех щелей (а его и без того немного), видно на пальто каждую каплю. При стирке/сушке остаётся много разводов. ,negative
кофта не пришла деньги не вернули,negative
"заказала s ,на свой 42 размер ,оказался
 большим ,ткань тонкая и все липнет к ней , снизу не растегивается .",negative
Размер сильно маломет. Пятна по всему свитеру. Писец, такой красивый свитер и такая лажа! Рукава красивые.,negative
"очень приятный свитер...но на рукаве...дырка.
сколько заказываю на али...ни разу ..такого ужаса не было....очень расстроилась",negative
"тьвар так и не получила, ждала почти 2 месяца. открывала спор, продавец убедил что товар придёт в течении недели, спор закрыла. В ИТОГЕ НИ ДЕНЕГ НИ ТОВАРА!!!
вывод: недобросовестный продавец, полное разочарование, НЕ СОВЕТУЮ!!!",negative
Очень долго шел товар.Время ожидания уже давно истекло, за это снимаю звезды.,negative
3 месяца ждала товар, так и не пришел. Не отслеживался. Вернула деньги через спор. Продавец еще защиту товара на месяц хотел продлевать, только зачем, лето давно закончилось.,negative
вернулся обратно с прадовцом не связаться (((( деньги потерянны,negative
не соответствие заказанного размера!!!!!!!!!!!!!!!!!!!!,negative
товар не пришол !в отслеживании доставлено а на почте нет !очень жаль!!!,negative
Продавец не отправил товар. Хоть и утверждал, что отправил, но я его так и не получила. Отслеживания по номеру трека никакого не было. Даже регистрации отправления не было.,negative
размер совсем не соответствует описанию, брала м и то не подошла, даже не застегивается, у самой 44 размер,negative
Посылка так и не пришла после 2 с лишним месяцев ожидания. Открыла спор, но результата нет.,negative
УРОДЫ!!!ДЕНЬГИ НЕ ВЕРНУЛИ, ТОВАР НЕ ПРИШЁЛ!!!,negative
Ну что сказать , пуховик подошёл по размеру ,Но .... когда открывала то не сразу поняла что нет крепления на которое вешается пон -пон и которое крепится к замку Кормана, соответственно теряется весь вид пуховика и он уже не выглядит как на фото. я написала об этом продавцу на что получила через сутки ответ : ну вы же его можете носить...конечно могу написала я но вид уже не тот  думала хоть извенятся ведь косяк их , но теперь игнор полный, спор открывать не стала, но неприятно очень ...так что имейте это ввиду...больше у этого продавца покупать ничего не буду,negative
"ужасная кофта прощай
 молодость .рукава по локоть длинная и в животе бесформенно широченная еще   звезда на одну сторону .",negative
товар к сожалению так и не пришел. спор не успели открыть,negative
качество полное фу, 2 стирки и в помойку. напоминает тряпку .,negative
заказ не пришел,но деньги вернули.,negative
Товар не получила. И деньги тоже,negative
Пуховик мне не понравился, не качественный, пух уже торчит, абсолютно не приталенный, но подойдет тому у кого есть приличный живот,negative
Штаны одеть невозможно((. Бедра на джнщину, штанины на ребенка(( и то моя 10 летняя дочь не влезла с ни в ногах, хотя она не полная! Уже дала их примереть нескольким людям- никому не подошли.... напрасно выброшенные деньги! Валяются теперь за ненадобностью( не советую покупать эти штаны!!!,negative
С продавцом долго вела переговоры, которые закончились ничем! Поэтому буду открывать спор, хочу вернуть товар! Продавец очень хитро вел разговор якобы предлагая,negative
месяц ждала товар. в итоге транспортировка отменена продавцом. На сообщения НЕ ответил,negative
к сожалению так и не получила платье,negative
Качество отличное, увы - сервис , отправка и общение - на нуле. Продавец перестал общаться и отвечать на вопросы после того как 11.11 продал мне эту кофту вместо 807 рублей за 2.600. Спор открывать не буду - прислали в подарок шапочку. Но осадок остался. Товар рекомендую - а так же рекомендую тщательно проверять сумму при покупке. Я потеряла на этой кофте в день распродаж 1.793 рубля. Готова была на эту сумму лучще бы ещё набрать , но продавец на контакт вообще не шёл. Жаль. А качество действительно фабричное и отличное. ,negative
размер не соответствует маломерки,negative
очень плохое качество,  вся кофта в дырках,  какие-то вкрапления пластика на ткани, которые не отчистить, швы рассыпаются на глазах,  для роста 166 вместо штанов пришли капри, неудобная тонкая тугая резинка в штанах. посылка шла два месяца, изначально был указан несуществующий номер отправления.,negative
продавец отправил товар на другой адрес!! обман,negative
Ужасное качество даже за эту сумму, запах кошмарный и по одной ноге брак, идёт стрелка,negative
Обычные разрисованные тонкие леггинсы. Только дома ходить.,negative
блуза так и не пришла .продавец общительный но заказ не продливал. через спор деньги вернули .осторожно с продавцом.,negative
Очень прозрачная, не тот цвет. Швы оставляют желать лучшего, слишком большая даже самый маленький размер. Я отказала спор,  деньги  так и не вернули,negative
Ужасное качество, впервые такая лажа с заказом. Нереально тонкая ткань, ни рыба ни мясо как говорится. Куда носить непонятно ,negative
"очень расстроена.
толстовка была прошита плохо, особенно капюшон, который вот-вот оторвётся.",negative
"товар пришол быстро . продовец хороший.  но качество товара огорчило. на груди не держится вообще ни как , по бокам отстает сразу же , минут через 2-3. кожа чистая была и без крема и масел.не поднимает и не собирает грудь. у меня она 3 размера, брала  ""С "" размер. может они подходят тем у кого грудь маленькая , лучше будет держаться. не знаю. но мне что то не пошло. 
открыла спор. деньги вернули.",negative
прошито неплохо, но после первой же стирки весь синтепон сбился...,negative
Качество не очень хорошее, на ощупь неприятна. Имеется специфический запах.,negative
Вот вообще ужасно,моему гневу нет предела!!носки заказала в сентябре,и что вы думаете,ни носков ни денег!!спор закрыли алиэкспрес ,посчитав что  я не достойна ни своих денег ,ни этих дебильных носков!!честно..я не знаю кто виноват,но точно не я!!никогда больше у этого магазина ничего не закажу,просто из -за принципа!и вообще сомневаюсь в правдивости всего происходящего на алиэкспрес!! Запомните товарищи продавца,в вашем случае я покупатель и я прав!!если как вы говорите ,что товар на почте давным давно,то посылка ненашедшая своего хозяина отправляется обратно в магазин,а вы мне лапшу вешаете!!!как же не стыдно!,negative
Цвет хаки отличается от картинки, более жёлтый. Короче заявленного. Выглядит дёшево. Изнутри лезет ткань. Доставка долгая. ,negative
Куртка ужасная перья лезут.Такого ужасного качества в жизни не видела.,negative
юбка хорошая размер подошел,  но испортило брак на шве, при чём зашили белыми нитками, и при чем в ручную и не очень аккуратно, очень не приятно, хотела заказать ещё красною, но теперь подумаю,negative
я очень разочарована карманы не в том месте пипец отстой короче,negative
распашонка. на улицу не оденешь, только в качестве ночной сорочки.,negative
Очень дорогая половая тряпка, плюс ехала 29 дней. Я заказом не доволен, товар не такой как на картинке и не соответсвует описанию. Будем с женой использовать на тряпки, снова брать у этого продовца не буду.,negative
полный отстой. кофта короткая до пупка, штаны тоже оч.короткие . материал тонкий и светится. Не рекомендую. 1 звезда за быструю доставку,negative
2 бала только за доставку из финки. Жена сказала что качество как у тюли. Жесткое как тюль и на вид как тюль,negative
жду заказ два месяца тишина незнаю придет не придет .знакомой пришол футболка хорошая )надеюсь придет мне....,negative
Товар не пришел, 4 месяца мурыжили с возвратом средств, отвратительный продавец, лучше ничего тут не заказывайте!,negative
короче продавец не вернули деньги обратно деньги взяли товар нету 3 месяца ждал товар не пришел,negative
прислали не тот размер,продавец спор не принял,но али вернули деньги!а так куртка супер-жаль отдать не кому.,negative
Маловато, впритык сидит. На этой блузе все везде топорщится и швы стянуты. Обтачка спереди на горловине с непрошитым краем (с дырой, грубо говоря).,negative
кофта так и не пришла... Может еще придет...,negative
Очень ждала посылочку, но испытала дикий шок от качества продукции, полное несоответствие заявленной цене и качеству.  Открыла спор, деньги вернули, но лучше не стало, неприятно когда обманывают...,negative
Товар пришёл не того размера и не соответсвует описанию. Между нога портиться некрасиво, висит. Непонятно как носить, ни туда, ни сюда,negative
кофта выглядит как пижама,negative
длина переда оказалась длиннее задней стороны,после открытия спора вернули деньги,negative
Когда получила куртку- была довольна, только мятая , а так все ок. Но через 2 недели порвалась подкладка подмышкой и трикотажные рукава полезли все! На фото видно.  Не рекомендую.,negative
Качество стремное.,negative
Доставка не долгая, ткань так себе ,но во общем то подходит цене, швы более менее. Я не советую покупать эту продукцию(,negative
Продавец обманщик и мошенник!!!!! Мало того, что не отправили пальто, так еще и не отвечали на сообщения и долго не возвращали деньги! Средства вернулись благодаря службе Али!!!,negative
Трек не отслеживался, пуховик пришёл через месяц с не большим. Прочитала много отзывов все положительные, не знаю может другим другие пуховики приходят) мне пришёл пуховик с рукавами и карманами пришитыми на разной высоте, в глаза не бросается, но тем не менее я об этом знаю, синтепон в пуховике не однородный, снаружи это видно, он как пятнами  из за этого, смотрится это ужасно!! Модель тоже немного не правильно раскроена, в плечах тесно!!! Я Расстроена!!!!!,negative
Ужасный свитер, растянулся прямо во время примерки во все стороны, в локтях, после и в рукавах, размера до 50го. Заказывала xs, пришел с правильной маркировкой xs, по замерам шире в груди на  4см, длиннее на 3см! Ношу российский 42, понятно что он мне гигантский! Пришел влажный! На работу такое не наденешь. После первой стирки распустились ниточки прямо в полотне спереди, покрылся катышками, хотя стирала в мешке для стирки! В подарок положили резинку для волос. Лучше бы размеры правильно отшивали. Своих денег не стоит.,negative
Товар даже таких денег не стоит,negative
вернете деньги! товар отправили! плохой продавец! не заказывайте!,negative
"товар пришел быстро. но без толку.
 вещь являет собой просто вырезанную тряпочку с одними лишь боковыми швами. ни горловина, ни низ, ни пройма даже не оверложены!
убожество!!!",negative
размер не подошёл зачем так отправлять заказывала 54 р отправили подростка 15 летниму я очень не довольна,negative
Пришёл Детский халат ,negative
Совершенно не соответствует размерной сетке, размер L оказался огромным ,negative
имеется брак дырка на коленке...,negative
Товар не пришёл, деньги вернула через спор,negative
посылка не пришла.  я очень расстроена.  больше заказывать не буду.  деньги не вернули. Продавец на сообщения не отвечал.,negative
заказала 16.11.17 получила 05.01.18.. почти 2 месяца ждала. качество тоже не ахти.короче я очень не в восторге.позже добавлю фото.,negative
Товар я ждала 3 месяца. В итоге ни чего не получила. Открыла спор спустя 2 месяца. Продавец очень вежливо извинился за причиненные неудобства и попросил согласиться на продление срока защиты. Я согласилась. Однако прошёл ещё месяц, а кофточка таки не пришла. История повторилась. Открыла спор. Продавец как всегда откликнулся и просил ещё подождать. Сколько??? До зимы???  Спасибо большое команде алиэкспресс , деньги были возвращены.,negative
Не заказывайте здесь, говно качество, торчит нитки и доставка очень долгая. ,negative
Качеством разочарована. Начиталась положительных отзывов, и решила заказать. Белую брать не советую. Материал просвечивает. Внутри все плохо. Карманы отделаны не ровно. На 52 размер в самый раз. Продавец предлагал взять на размер меньше, хорошо не согласилась.,negative
оч длинные рукава прям очень. не указан размер на самом деле на 48-50,negative
Брак по шву, цвет не совпадает, края низа вообще не обработаны. Ужас короче .спасибо команде аликсэкспресс, вернули деньги,negative
Товар не прислали, деньги не вернули! Произвол!,negative
Куртка пришла с дефектами. Прошита ужасно ... не знаю где и как ее сшили . Рукава просто кошмар . Один рукав прошит криво а второй вообще не прошит .. одеваешь как будто мешок . Бесформенная ., карманы чуть ли не на спине сделали .. ,negative
это не свитер,это тонкая прозрачная ткань.,negative
не пришло, долго мучился со спором, продавец не хотел возвращать деньги, если вернул бы сразу без тягомотины поставил бы 5 звезд,negative
приехал очень быстро, за 2 недели. но качество оставляет желать лучшего( материал голимая блестящая  синтетика, как в такой в жару ходить - непонятно,negative
это был ужас и самый ужасный мой заказ.  посылку потеряли, а деньги возвращать отказались,negative
Не пришла. Заказывала две футболки у одного продавца, пришла одна. Деньги не вернули!!!,negative
Продавец мошенник! Ничего у него не заказывайте!прождала товар 4 месяца!!! И только потом заметила, что ранее делала у него заказ на хорошую сумму и так же ничего не пришло! Открыла спор, жду деньги!,negative
товар не пришел продавец вернул деньги,negative
слишком короткое! маломерка. это не платье, а туника!,negative
С момента оплаты прошло более 120 дней, заказ не пришел, деньги продавец возвращать отказался, не покупайте в этом магазине.,negative
Did the cancellation of the order. He rejected and sent. I do not need a product.,negative
товар не пришёл,а указано,что товар доставлен,но адресат в Магадане,а указано что товар доставлен Владивосток???????,negative
Продавец кормил завтраками! И просил подождать! В итоге закрыли спор в его пользу! Никому не рекомендую продавца! Заказала платье ещё в начале лета! Сейчас конец сентября! ,negative
Лохотрон!!!! Ждала 4 месяца, посылки таки нет, продавец не отвечает,negative
мой заказ так и не пришел.спор я закрыла пожалела продавца,видимо зря.теперь даже отвечать не хочет.,negative
на фото был трикотажный кардиган !!!! пришла футболка с разрезанными кистями,,я такую даже вместо домашнего халата не надену!!!!,negative
Штаны приятные к телу,но не такие как на фото,если носить то только под штаны.,negative
ЦВЕТ ВЫ ВЫСЛАЛИ НЕ ТОТ ЧТО Я ЗАКАЗАЛА,negative
Заказала товар в октябре, ждала очень долго но не дождалась. Отслеживание было совсем непонятным. Продавец кормил каждый день завтраками,но так и не доставил товар. ,negative
Платье пришло быстро, чуть больше 2-х недель до Москвы, но не понравилось. На  фото юбка белая с черным, а на самом деле юбка серого цвета, как-будто постирали и она полиняла. На рост 170 и вес 50 кг брала М размер, немного широковато, и талия высоко, после ручной стирки платье вообще потеряло форму и очень растянулась горловина. Ткань смесь хлопка и других.,negative
Платье пришло быстро,это единственный плюс. И ни как не 46 размера максимум s .,negative
Товар пришел другой. Деньги не вернули ,negative
Заказываю второй раз.  На очень худенькую дочь р-р S в попе большеват, в на ноги не лезет. Себе на ОБ 102 заказала 4XL. В попе огромные, а на ноги не лезет. Где они видели людей без коленей и икр? К этим штанам надо палочки из попы и только. Я думала, что чем больше р-р, тем шире брючина в икре. А она по ширине не отличается от 2XL (брала раньше).Столько негативных отзывов, ну неужели нельзя исправить выкройку? Ведь и цена у брюк почти 1000 рублей.  В общем идея была хорошая, а получилось по-китайски. Доставка 3 недели.,negative
На фото одно, в реале другое. Цвет другой, ткань тонкая, фасон отвратительный, книзу расширяется! Ужас. Рукава внизу широченные, на рост 165 см короткие, на российский 48 р. посоветовал 3хl, велико. Сшита неаккуратно, торчат нитки, на планке петли прорезаны неровно, за счёт этого куртка смотрится небрежно. В общем не советую.,negative
Товар не получила,открыла спор,продавец закрыл.деньги тоже не вернули,negative
Штаны просто ужас . К пошиву изделия претензий нет , НО вот сама ткань -это просто ужас. Жаль потраченных денег . Материал синтетика ,который собирается по горизонтали . Смотрится это просто кошмар , я даже не знаю ,как описать всё это чудо . На рост 166 сильно короткие . Носить не буду , выброшу .,negative
"Продавец прислал юбку с производственным браком. Отсутствовала треть складок, остальные были кривые и разной ширины. К тому же по всей окружности оплавленные полосы. Дефекты очень заметные - и при упаковке товара их не могли не заметить.

Продавец на соглашение не пошел, а Алиэкспреес решил, что я должна вернуть юбку в Китай. Это дорого и не факт. что ее кто-то придет забирать.

Просто выбросила.",negative
не заказывайте-КИДАЛОВО!!! Продавец отправил под одним номером сразу два товара: первый - бумажную открытку, второй - непосредственно заказ. Получатель по номеру заказа получил открытку,  при этом оформил почтовые  документы. Непосредственно заказ (кофта), стоимостью  US 8.22 доллар  не был доставлен. Продавец  в открытке пишет, что отправил сразу две посылки и вторая с заказом должна прийти. Но  вторая посылка с кофтой все еще не пришла.    Я купила открытку за почти 500 рублей!!!!,negative
трек не отслеживался. очень долго ждала, 40 дней никакой информации. открыла спор,деньги вернули в течение трех дней.,negative
Продавец НЕДОБРОСОВЕСТНЫЙ!!!, заказала у него много рубашек сразу.8 из них пришли с БРАКОМ...СТРЕЛКИ, ИСПАЧКАНЫ КРАСКОЙ, РАЗВОДЫ ОТ КРАСКИ, РИСУНОК НА ВОРОТНИКЕ РАЗМЫТЫЙ, ЕЩЕ И ЧЕРНЫЕ ГРЯЗНЫЕ ПОЛОСКИ! Написала ему сообщение о просьбе вернуть часть средств, он просто закрыл сообщения, не ответив мне, отправил в ЧЕРНЫЙ СПИСОК.теперь с ним не связаться.Али решил спор - возврат товара,тогда возврат средств.как такому продавцу возвращать?!останусь вообще без всего! это мой второй заказ к нему, после первого обещал скидку на следующие заказы.НО,никакой скидки не сделал.потом написал,что тогда вместо скидки -ПРИШЛЕМ ВАМ ПОДАРОК.НИЧЕГО не прислал. так поступают только...САМИ МОЖЕТЕ ДАТЬ СЕБЕ ОПРЕДЕЛЕНИЕ!Отправка товара ДОЛГАЯ,отвечают на сообщения МЕДЛЕННО....НЕ СОВЕТУЮ ЭТОГО ПРОДАВЦА...ОСТАНЕТЕСЬ БЕЗ ТОВАРА И БЕЗ ДЕНЕГ...тем более,он не один этими рубашками торгует!!!!!!Служба поддержки Алиэкспресс обещала помочь с ним разобраться,но результат - НИЧЕГО НЕ РЕШИЛИ!,negative
I do not know who is great,but I did not like,very thin and highly translucent,the color took black,negative
заказ не пришел уже 2 месяца прошло!открла спор возврат денежных средств и деньи не возвращают!,negative
размер совсем не соответствует, у меня обхват груди 86, брала L (зачвлено на 96) с запасом, но и он мал, написала продавцу, он даже не ответил.,negative
Костюм пришёл весь в затяжках, открыла спор, продавец предложил вернуть 300 рублей, или отправить ему обратно товар за мой счёт и тогда он вернёт мне полностью сумму за костюм, а за отправку мне возмещать никто не будет. Очень расстроенна.,negative
футболка пришла. Качество не айс, а размер просто огромный. Заказывала L на 48 размер, а пришла огромная футболка 52-54 размера.,negative
огромный,negative
Доставка больше трёх месяцев,чашка маломерка, и как помне полная ерунда,бесполезная вещь,неприятный запах,плохо прилипает,не довольна товаром и доставкой так же.,negative
заказала на свой 44 размер L   т.е  на размер больше. получила маленькую рубашку размера 40-42. очень недоврльна,negative
ужасное качество. все пальто перекошено. подкладка торчит,negative
заказ так  и не получила, но Али вернул деньги,за что спасибо, заказала 2 ,за второй не вернули,не успела открыть спор,больше в этом магазине заказывать не буду,negative
В описании написано, что куртка зимняя, но на дела очень тонкая и холодная.,negative
Товар не получила. Но спасибо, что вернули деньги,negative
На 63-90 XS катастрофически мал, не могу нормально согнуть колени , в обтяг чересчур, некомфортно очень. Бесят курицы которые говорят берите хs на такие параметры! Это совет чтобы стоять в них ? И выглядит этот обтяг нелепо. Ориентируетесь на размерную сетку продавца. После данного случая буду меньше доверять отзывам пользователей, т.к зачастую это бред. Джинсы качества ниже среднего. Сзади покрой косячный, когда садишься  вся спина оголяется , почти до попы. Стоя линия пояса сзади, ниже, чем спереди. Т.е сзади уже не высокая. Для кого то это может не критично, мне вообще это не понравилось, не красиво,negative
продавец отменил отправку товара, ждала почти месяц, пришлось возвращать деньги,negative
Пришло вообще не то,  что на картинке. Рукава короткие.  Штаны как бабушкины блох рейтузы. Без манжетов. Вонючая даже после стирки. Ну и не шелк это,  разумеется. Дешевая синтетика. Красится даже в 30градусах. Открывала спор,  что б вернуть часть денег за такое барахло,  но продавец не перевёл ничего. Это было на подарок. Разочарована очень. Хоть и почитала здесь положительные отзывы. Знайте,  что могут и дермовую положить. Хорошие наверно закончились.,negative
плохой продавец возврат отказывает посылка не пришла номер слежения неверный,negative
пижама по качеству хорошая а по размерной сетке неправильная.размер xxxl. длина штанов 91 см вместо заявленных 99. длина рукова 55 см вместо 62. длина одежды 65 см вместо 74. при условии погрешности 1-3 см всё равно не подходит. я общался с продавцом писал длина штанов 100см длина рукова 68см он мне предложил взять размер xxxl.,negative
Заказ не пришел. Открыла спор и продавец сразу же согласился. Подозрительно,negative
Брюки пришли без утеплителя, обычные тонкие!!!,negative
"Качество материала хорошее. Вышивки приклеенные, термонаклейка!!! В описании этого не указано. 

За это огромный минус.

За такие деньги можно взять более качественную вещь.

Покупкой не довольна, смотрится дешево, в живую видно что приклеено, очень жаль.

Только ""птичка"" с бусинками пришита, остальное наклейки.

Уважаемый продавец, укажите в описании что что не вышивка а наклейка!",negative
Заказала 5 июня,  заказа до сих пор нет.  Продавец уговаривал подождать,  писал милые, приятные вещи, советовал спросить на почте.  Посылка не отслеживалась,  с самого начала трек дали неверный.  Открыла спор,  хотела хотя бы деньги вернуть.  Продавец отказал,  мол,  ждите ещё,  денег не дождетесь.  Сколько ещё ждать?  Прошло уже 3  месяца.  В итоге ни денег,  ни блузки.  Не советую,  продавец лживый,negative
Разная ширина рукавов, в один рукав рука входит а в другой нет,negative
Размеры слишком уж большие. На Об 94 см и талию 63 см размер S оказался большим. Носить не буду т.к. на юбке оказалось пятно, которое не отстирывается. Деньги на ветер, а так юбка хорошая, мягкая, приятная к телу.,negative
заказ так и не пришёл, спор открыть не успела, потому что была на отдыхе!,negative
Товар дырявый,negative
Товар не соответствует описанию. на картинке длина выше колена, а пришёл длинный, нелепый. Выглядит ужасно! открыла спор на частичный возврат средств, не одобрили. Теперь придется перешивать его самой. Заказывала в размере xl, по обхвату груди. Качество материала среднее. Размер был указан только на пакете, на самом халате размера нет.,negative
ткань ужасная,конечно за такую цену и следовало ожидать ,я просто в шоке как девочкам которые эту юбку заказывали ,вообще она понравилась . ткань просвечивает ....ужасная юбка,negative
голимая синтетика,прозрачная,размер подошёл xxl на 48,negative
Заказала 13.06 ... товар не пришёл !продавец общительный , кормил обещаниями , что все придёт . И только 9.10 вернул деньги , хотя спор был открыт 29.09,negative
Просвечивается и запах ужасный! ,negative
платье пришло, но вообще не то что что я ожидала. оно ужасно,negative
пожалела о покупке( - ткань тонкая, дешевая синтетика, смотрится плохо. ткань просвечивается, размер Л на бедра 93см не подошел, мало.,negative
Надпись на платье раскроена наполовину.Ткать очень плотная и неприятная синтетика.Не тянется.В предыдущих отзывах на фото видно,что платья, которые высылает данный продавец разительно отличаются друг от друга.Вобщем кому как повезет.Я открыла спор,продавец написал мне что платье точь-в -точь как на фото.После моих смс ему с доказательствами,замолчал.Алиэкспресс вернул мне половину стоимости платья.,negative
Ужасный материал, торчащие нитки, от белых полос следы по всей кофте, не знаю ототрутся ли..? Вообщем я расстроена ,negative
товар не пришел, спор продавец закрыл, деньги не вернул,negative
пижама пришла не того размера! до этого заказывала всё было нормально, эту заказала подруге, штаны явно меньше, чем были раньше. подошли только младшему братику, которому (9!) лет.,negative
"всегда заказывала вещи хххL таскать было хорошо .здесь же пришло мало. открыла спор .ни денег не вернули и платье не возможно носить еще на 
 рост164 см короткое",negative
Качество плохое! Швы обработаны ужасно! Открыла спор- деньги обещали вернуть в полной сумме.,negative
Размеры совершенно не соответствуют общепринятым размерным сеткам! брала xxxl ,а на яву он оказался не более чем на xl. И ремешка не было в посылке, хотя на фото он есть. Но спасибо продавцу, сразу же как открыла спор вернули полную стоимость юбки!,negative
Блузка пришла порванная. Верните деньги. Очень разочарована.,negative
не соответствует описанию,negative
Продавец отменил заказ и не вернул деньги. Очень огорчило будьте осторожны,negative
На фото цвет не соответствует полученному !!! ,negative
никогда!никогда не заказывайте товар у этого продавца!!! продавец не дает трек на товар! мой заказ шел 2 месяца так и не пришел! открыла спор,negative
Размер не соответствует таблице.  Меньше размера на три. Думаю, что на мой 46 российский нет соответствующего по их сетке. Зря выброшены деньги. Долго не отправляли.,negative
Рукава короткие очень, в реальность S на подростка ,negative
Товар не совсем соответствует, длина платья намного длиннее, чем на фото.,negative
Я не получила этот товар! Заказала в августе, на дворе конец октября статус «доставлено» но на Почте посылки нет, открыла спор, деньги не вернули ... и теперь приложение мне пишет как будто этот заказ я получила... не советую этого продавца,negative
Мне видимо очень не повезло! Потому что пижама сшита по неправильным лекалам. Когда спереди у тебя вздувается ткань, а сзади натягивается и сползает с ягодиц. Продавец отказал в моей жалобе,ни сделав даже какой-то скидки за плохой товар. НЕ РЕКОМЕНДУЮ.,negative
Не очень удачное качество, еле достают до колена при моем росте 163, цвет не белый, а какой-то желтоватый. Дошло почти за 2,5 месяца,negative
качество ужасное, синтетика, тонкая, не стоит и двухсот рублей!,negative
размер не соответствует описанию. продавец внаглую утверждал что я не умею мерить. запросил возврат средсть. alliexpres одобрили запрос но средства пока не вернули.,negative
ужасная доставка ужасное качество, даже одной звезды не стоит,negative
Качество плохое. Рукава очень широкие. Кнопки очень тугие. Боишься порвать ткань. Горловина широкая, вся растянутая. Одевать можно не растегивая. В ней можно только спать.,negative
продавец не общительный,отправляла свои обращения игнорирует покупателя,negative
ждала больше 3х месяцев. открывала спор,но продавец просил подождать. вернули деньги.,negative
торчат нитки,качество ужасное.,negative
Материал дешёвый. На фото выглядит в 100 раз лучше, чем на фото.,negative
Disgusting quality !!!! When u where it 2 times it become like this(see the photo) seller don't want to return money for it,negative
возврат 300 руб. получила.Обидно что брак ( дырка на рукаве) А так свитер хороший,мягкий,тёплый без запаха,цвет приятный.,negative
Пришли мои долгожданные чулки, продавец отправил быстро, посылка тоже пришла быстро,но одна резинка слабая и спадает при ходьбе, очень жаль,что они не одинаковые.,negative
продавец непонятно на кого отправил товар,ещё пытался доказать,что всё ок товар будет. деньги венул Али,товар конечное же не пришел!,negative
Доставка более 80 дней, это ужасно. Заказываю второй раз. Пришел размер М, хотя заказывала S-M. Уж очень понравились, сидят как зауженные джинсы. Только вот доставка в этот раз огорчила(((( Заказала 21 октября, пришли 12 января, Нижегородская область.,negative
Свитер абсолютно другой,чем на фото. маленький,короткий,короткие рукава. Кое-где прошит так,что кажется бракованный. очень недовольна товаром.,negative
Очень не довольна вашим магазином. Мой товар так и не пришел.....,negative
качествоо хорошее,но размер не подошел,очень велики,хотя на свой 48 заказывала L,а пришли вообще не указан размер,а разочарована,negative
Ужасный продавец! Никому не советую! Прошло больше 2х месяцев, за это врем периодически писала продавцу, чтоб узнать где мой заказ, т.к.не отслеживался. Продавец отвечал первые пару раз, чтоб не волновалась, скоро придёт. Потом вообще перестал отвечать. После чего по истечении 2 мес, открыла спор,т.к.весь товар заказывала для отдыха на море, теперь уже не нужно!После открытия спора, продавец снова написал, чтоб я закрыла спор, товар идёт, но теперь уже я молчала, обострила спор, продавец снова написал, что деньги мне возвращают, а за это меня попросил написать хороший отзыв и поставить 5 звезд,negative
Первый раз заказала, совершено не зимняя куртка. Вообще не довольно, обидно очень. Надеялась советовали люди ну зря,negative
товар пришёл с браком. по всему изделию белые пятна, не качественная окраска! открыла спор, продавец уговаривал закрыть в замен на непонятную скидку. в итоге спор закрыл без возмещения стоимости товара. изделие не пригодно для носки!,negative
еслиб я знала что будет такое отличие я бы не заказывала. ужас. один рукав сшит сильно узко придется перешивать. короткая. коротко стрижена. крючки дошивать придется.  зато быстрая доставка.,negative
не пришли носки хаки пришли только черные и розовые третьи не вложили и подарочные 4 тоже обман,negative
жаль что не пришло. до этого заказывала 2 майки понравились. решила заказать ещё 2 но увы. деньги вернулись, э то хорошо,negative
жена сказала что качество ужасное, а точнее гоуно!,negative
Отменил заказ, что бы заказать другие , продавец проигнорировал и все равно отправил , по этому 1 звезда,negative
куртка очень тонкая весна осень.шнурок на капешене выволился,negative
Тряпка,negative
"Совершенно не соответствует указанному размеру. На фото моделей все пуловеры заканчиваются ниже попы. Я ношу размер 10 британский, заказала L, который по шкале продавца соответствует размеру 12 - хотела взять с запасом, чтобы был побольше. И вот полюбуйтесь. Эта вещь на ребенка.

(на приложенной фотографии на мне синий свитер от другого продавца, который точно соответствует заявленному размеру)

Такого издевательства еще не получала. Отдам знакомой девочке 10 лет.

Кроме всего, заказ доставлялся долго и не отслеживался.",negative
Качество хорошее, но одна штанина уже на 1.5 см и длиннее на 2 см,negative
Продавец отправил футболку не нам, а на другой адрес, посылка так и не пришла! не рекомендую этого продавца! он ВОР,negative
Отвратительный продавец! Просила перед отправкой проверить мой костюм на брак. Прислал бракованный. В зацепках, дырках мелких, походила по дому день, так ко всему ещё вытянулись колени и покрылся катушками. Не советую. Открыла спор, продавец отказался вернуть деньги, предлагал купоны на следующий заказ, но после такого костюма и отношения обойдусь покупками у данного продавца. Выкинула деньги на ветер!,negative
Продавец не отправил товар. Не было отслеживания. Товар не пришел,negative
товар не пришел. деньги вернули. но продавец и с самого начала очень долго не отправлял .,negative
товар совершено не соответствует описанию. заказывала размер xxl пришёл товар размер s, больше не губу заказывать у этого продавца.,negative
Отправили посылку так что мне пришлось тратить еще деньги в размере 600 рублей. Продавец никак неотреагировал на это.,negative
Мне пришла кофта не розового цвета,как она выглядит на фотке,а персикового, могли бы предупредить.. Но при этом качество неплохое.,negative
качество ужасно. лейблов нет. рукава короткие и вытянутые. нитки торчат. в общем красная цена 200-250 рублей, а никак 580 рублей.,negative
товар не пришёл, деньги так и не вернули.,negative
ждала заказ два с половиной месяца.  он так и не пришел. продавец продлевал время до тех пор, пока у меня было терпение. в итоге оно лопнуло.  открыла спор,  деньги вернули. очень огорчена (,negative
"ужасное качкства
отстой
продавца не рекомендую и товар тоже",negative
Товар не пришел! Ждала 4 месяца. После открытия спора продавец убедил закрыть его и подождать еще, но посылка даже не отслеживается!,negative
не соответствие с картинкой:ткань дешевая, просвет ( нитки торчат и размер-маломер(,negative
материал очень неприятный, колючий, тончайший и ни намека на хлопок - 101% синтетики. пахнет как в неубранном коровнике. заказала вместе с другой пижамой (с длинными рукавами), другая пижама прекрасна, пориятна к телу и по размеру отлично, а эту еде натянула, хотя размер в обоих случаях указан один и тот же. качество швов плохое, нитки торчат. я очень разочарована. думала, что один продавец не может присылать вещи такие диаметрально разные по качеству да еще и в одном заказе. оказывается, что может. жаль,negative
Противная ткань, галимая синтетика, ожидала другого. Брала L из-за рукавов, хотя ношу М, видно, что большая, но рукава как раз,negative
испортил впечатление большой шов по центру!!! точнее платье было порвано, а потом его тупо зашили и отправили!!! Сначала не увилела. Свадебная ночь была испорчена.  Продавец нечестный , плохо!,negative
Очень не довольна, описание не соответствует полученному товару, рубашка тоненькая, как самая дешевая футболка, после Новогодних каникул верну продавцу,negative
этот заказ я ждала к новому году, шел очень долго, почти 2 месяца. связывалась с продовцом, очень любезный. наконец когда я получила заказ на почте, то стало обидно: ожидала рубашку желтого цвета, а пришел кислотно зеленоватый. очень жаль.еще нитки торчат красного и соответствующего цвета. по размеру на свой российский 42 брала м, село в плечах хорошо, рукава тоже, длина нормальная. но цвет перечеркнул все.,negative
размер оказался больше, сама липучка уже на второй раз держалась ужасно,negative
свитер очень красивого цвета,мягкий,лёгкий,но когда я его начала одевать там оказалась огромная дырка,а то нее спущены петли.растроилась до слез,negative
не соответствует ни картинке, ни описанию, а ткань вообще другая. в общем на пугало в огороде,negative
шифон, качество отстой,negative
Товар очень плохого качества! После первой стирки слинял! Пристает каждая мелочь! Продавец не идет на контакт! Не рекомендую продавца !!! Деньги на ветер!,negative
"Везде торчат нитки. Открыл спор. Вернули НИ-ЧЕ-ГО.
Крайне не рекомендую ни продавца,ни сам али, с нынешним руководством лучше вообще ничего не заказывать. Оно(руководство) теперь ВСЕГДА на стороне продовца. Если просто нитки торчат, то не вернут деньги,но если что похуже и вы посмели открыть спор,вас просто банят .-.",negative
Очень плохое качество, расходятся швы,negative
Заказ не получила, деньги вернули,но раньше таких проблем с этим магазином не было.,negative
Заказывала самый большой размер. На бедра 100 леггинсы сели как штаны с очень низкой посадкой :(,negative
К сожалению свою посылочку я так и не получила (((по каким-то причинам ее вернули продавцу. Обидно конечно,но ничего не поделаешь. Единственное,что порадовало это общение с продавцом и быстрая отправка. Продавец очень вежливый и внимательный. Всегда отвечал на вопросы ,внимателен и отзывчив,negative
На вязаный зимний свитер это совсем не тянет. Трикотажная синтетика, во очию никогда бы ни Купил. Клюнул на хорошее фото и описание под зимний свитер,negative
Свитеры этой фирмы далеко не кашемировые как заявлено в описании и фото рекламы не соответствует действительности. Состав нигде не указан, надеюсь хоть шерсть немного присутствует.,negative
заказывала в ноябре.  пришла посылка только в январе.  открывала спор о возврате денег.  продавец отказался возвращать деньги и попросил еще подождать.  ну в общем пришлось ждать и вот они пришли.  Не чего хорошего я сказать о штанах не могу.  не стоят они этих денег.,negative
товар не пришел, может так наша почта работает,negative
доставка в ХМАО 25 дней-это нормально, но на этом все хорошее и заканчивается!во - первых, цвет: пришел черный, а мНе был нужен именно синий, не знаю как так получилось???? А во-вторых размер:я сомневалась при заказе в выборе размера, поэтому указала все свои параметры. ЧТОБЫ ПРОДАВЕЦ ПОМОГ ВЫБРАТЬ ПРАВИЛЬНЫЙ РАЗМЕР!!! потому. что в таблице при заказе были указаны странные данные: на размер 3хл (российский 50-52-это мой размер) был указан обхват бедер 117см, зато обхват груди при этом 124!!!?????как так то????( а мои размеры ОГруди-106, Оталии 98 см, О бедер-108 см). считаю, что описание товара сделано некорректно! поэтому невозможно выбрать правильный размер! а сейчас в описании вообще убрали данные об обхвате бедер!!!!,negative
Качество синтетика.Товар пришёл бракованный с дыркой. Открыла спор, деньги пока не вернули. Продавец сам закрыл спор. Обман, не рекомендую!,negative
тавар не пришол деньги не вернули,negative
Товар не пришёл  деньги вернули,negative
вместо кофты пришла резинка.,negative
так и не дошел заказ,negative
посылка пришла за 2 недели. вязка интересная,смотриться неплохо,но вязка не закрыта в нескольких местах (поедет после первой же носки). продавец очень плохой,сначала писал чтоивешь не его,но возвращайте, когда вмешался али через спор,продавец опять начал писать что это вещь не его цвета. за то что закрывала вязку и зашивала сама снизила цену спором.,negative
Модель пришла совершенно не похожая на фото по крою. Даже на самом худом человеке смотрелось не как должна смотреться парка. Просто как куртку, если брать размера на два больше можно носить, но опять же ряд нюансов: мех плохой, весь лезет, непонятные завязки внизу, которые никак нельзя пристроить нормально, лезут нитки. Лучше потраться денег и купите что-то в магазине. А ещё товар застрял на таможне и с ускоренной отправкой шёл как обычный практически. На таможне он не прошёл проверку по каким-то причинам и лишь чудо не дало назад его отправить ,negative
С размером у них явно косяк. На 165 М маленькое очень:(,negative
цвет на картинке не соответствует! вместо navi пришли фиолетовые,negative
они растягиваются, и остаются растянутыми- одноразовые,negative
кофта в разрезе расходится по шву, очень обидно,negative
Тысячи рублей толстовка не стоит. Размер заказали М, пришло что-то огромных размеров. совершенно бесформенный мешок. Ткань хуже некуда!!! Тоненький флис. Тянется во все стороны! после стирки будет Атас. Цвета блёклые, синий - это грязно голубой, а чёрный - застиранный чёрно-серый. На картинке хвост тяжёлый с наполнением, а тут просто кусок ткани висит, из которого торчат нитки, которыми приметали ткань, потом распороли, а нитки не убрали. в общем, это капец, товарищи!!!,negative
Заказ не получил. Продавец вернул только 2 доллара. 40 центов прикарманил,negative
На 2 размера меньше пришел , плохо прошит , полоски стерлись на следующий день , синтетик и не теплый,negative
Кофта галимая синтетика! На мои 84-64-90 при росте 157 см.   S оказалась коротковата, и рукава, и низ. Рисунок крашенный, стирайте в холодной воде. Кофта даже на свои 300 рублей не тянет! Не рекомендую!!!,negative
Очень долго шло! Платье по качеству отвратительно! Синтетика галимая. Контуры нижнего белья все «наружу». Это ночнушка!!!Короче, хуже не бывает. Хочется плюнуть в рожу лица того, кто пишет,что оно классное! Не советую!!! Не видитесь на стоимость этого «изделия». ,negative
Заказ шёл почти два месяца. А носки хорошие,negative
Пришла за две недели. Сшита на 3. И конечно же это не шерсть. Скорее фланель. Недовольна. ,negative
Продавец еблан. Дал левый трек, когда открыл спор, этот мудак( или мудачка) не соглашалась. Пока спор не решили в мою пользу. короче деньги возвращал месяц минимум. не советую этого пидора!,negative
Товар так и не пришёл... Делала заказ 03.06, сегодня на улице 16.09. Открыла спор- продавец отказался возвращать деньги, но аликспресс  встал на мою сторону. Хотя в течении всего ожидания посылки, продавец регулярно сам писал и уверял, что все ок, посылка идёт- не волнуйся, жди. Советовать не могу, смотрите сами, готовы ли вы рисковать,negative
товар так и не дошёл и не отслеживается,  спор закрыл продавец, деньги не возвращает,negative
Заказываю эти джинсы в 3 раз! До этого были офигенные! Сейчас просто ужас, совсем другая ткань, не берите. ,negative
Заказывала платье к новому году. А получила... куртку.  Очень расстроена.,negative
доставка не долгая. но блузка говно, широкая, короткая, цвет не серый, а голубой. цвет поломойной тряпки. деньги выброшены на помойку. очень дешёвый вид.,negative
Еще не надевала, а такая лажа. Купила на один раз, но порваться до применения - это жесть.,negative
Продавец долго отправлял товар,на контакт особа не шел,конкретно на вопросы не отвечал. Посылка шла долго,а когда наконец-то пришла,то качество вещи оставляло желать лучшего. Не ровные швы,везде торчат нитки,и ужасный не приятный запах. Ткань на ощупь не приятная. Покупкой осталась не довольна. Заказывать у этого продавца больше ничего не буду.,negative
Шарф очень тонкий.Обычная тряпочка.Кашемиром и не пахнет.Я не довольна.Носить только летними вечерами.На Урале такой не надеть,negative
юбку получила, но к сожалению она мне очень мала. что делать, не знаю?,negative
доставка 13 дней, качество ужасное. я разочаровалась,negative
Прождала заказ 100 дней,заказ не получен ,деньги не вернули ,продавец перестал отвечать на сообщения ,писал вначале все время подождите ,товар не отслуживался ,не рекомендую!!!,negative
пришло быстро, но размера на два меньше ожидаемого(((,negative
Блюзка не пришла!!!!и как  быть?????,negative
Отвратительное качество. Читайте мой пост на ITao #koshka_tori,negative
Ужасно! До шло за 30 дней, но на мой русский 40- ой размер, он же XS, большое , раковая длинные и широкие, пояс длинный , как на халат. На спине кружево не облегает , торчит ! Вырез на груди не реально глубокий ! ,negative
качество ГАВНО.,negative
качество жуть!!!  уже в катышках, как будто из носили уже очень давно!!!  размер ужас!!!на мой рост 158см они малы!!!  фото на ребенке 135см, девочка худенькая.,negative
заказ не пришел и не отслеживал я с самой отправки,negative
Юбка полная фигня. Трикотаж тонкий, похож на тряпку. Размер мне очень большой. Брала S , но по факту на L. Жесть! Разачарована.,negative
"Продавец дал трек чужой посылки.Когда покупатель получил платье по другому адресу, открыла спор. Продавец отказал в возврате денег.
Али вернул. Продавец разочаровал, хотя ранее уже покупала у него.",negative
Оказывается, сзади есть замок. Проблема в том, что я очень худая, но даже мне он очень мал оказался, он очень сильно сдавливает грудь. ,negative
Прошло 2,5 месяца,  заказа не пришло!!! открывала спор, но деньги не вернули...  Только отписались,  что должен прийти и попросили закрыть спор,  я не закрыла,  надеюсь что вернут деньги!!!  Больше у этого продавца заказы делать не буду!!!,negative
Разочарование​ полное, товар не соответствует заказанному (см. фото). Спор открывать не буду, но и заказывать больше не буду.,negative
Брак. Не прошит шов.,negative
"Продавец отправил товар каким то дешевым простым способом, чтобы сэкономить на доставке, в результате товар пропал, как и продавец, который выходил на связь когда я открывал спор. Каждый раз продавец ""клялся в любви"" и просил его пожалеть ... Один раз я отменил спор, но ничего не произошло и продавец снова пропал, пока я не открыл спор во второй раз. Впечатления от общения с продавцом - ужасные. Не советую связываться с этим продавцом никому!!!",negative
Недовольна, xxxl на российский 48-50 мало совсем, очень короткий. Это скорее на очень маленький рост( или на ребёнка) и на размер 44. Недовольна,negative
сшита плохо пижама,negative
Материал как у мед.халата...просвечивает, выглядит дешево. Размер не соответствует. Подклад где-то есть, а где-то нет... торчат нитки...900р это не стоит.  Я разочарована...,negative
Заказ шёл три месяца, но так и не пришёл! Продавец слал одно и тоже, что он честный и вернет деньги, если товара не будет. Только через три месяца, он просил подождать ещё и ещё, видимо пока защита не кончится. Спасибо али экспресс вернули деньги! После всего продавец просил поставить ему пять звёзд.,negative
Не знаю где вы взяли отзывы, но они не совпадают с тем что пришло мн. Это даже не на подростка, а на ребенка. Ковточка маленькая как игрушечная...,negative
Крой блузки кривой, нитки торчат, качество оставляет желать лучшего.,negative
не в размер,очень расстроилась ((( и шел заказ долго,не отслеживался.,negative
Пальто не пришло, информации об отслеживании товара не было. Вели спор, после чего деньги были возвращены. Спасибо организаторам Али- Экспресс, что помогли вернуть полную сумму от этого продавца.,negative
не получила, но деньги вернули.,negative
Товар не пришёл. Деньги не вернули.,negative
Как можно оценить то что не получила?!,negative
Всем привет ! Наконец то нашла время написать отзыв! У меня нет слов ,одни слезы, почитав <хорошие> отзывы о куртке хапнула разных цветов! Розовая первая пришла ...отзыв оставляла ! Но его убрали !Розовая пришла вся кривая косая , карманы пришиты ужасно( куртку выкинула ) ,белая ни хрена не белая , а желтая , но она была пошита лучше , чем остальные и толстая набита хорошо, лейбл резиновый ....чёрная это вообще атлас , лейбл из тряпочки, который был отдельно от куртки видимо я должна его пришить сама , куртка висит мешком на спине , синтепон ни в капюшоне ни в самой куртке мне не положили , мне пришла тряпочка , для сравнения фото рядом с белой.итог:белую продала из за цвета, а чёрную выкинула , тк не привыкла носить страшные вещи. Девочки которые пишут о прекрасном качестве , значит привыкли ходить в таких ужасных вещах????и могут спокойно ходить и с короткими руковами ! Я не отличаюсь высоким ростом 162, и руки не длинные ,рукава на 6 см короче.,negative
Долго не отправляли-2 раза отказывалась-все же отправили-когда я уже в магазине купила-пришла маленькая на ребенка вообще-деньги не вернули-теперь валяется ненужная,negative
СРОК ИСТЕК ТОВАР НЕ ПРИШЕЛ ПРОДАВЕЦ УЖАСНЫЙ ПРОШУ ВСЕХ НЕ ЗАКАЗЫВАТЬ ДАБЫ ОСТАНЕТЕСЬ БЕЗ ДЕНЕГ И БЕЗ ЗАКАЗА!НЕ СВЯЗЫВАЙТЕСЬ С ЭТИМ ПРОДАВЦОМ!!!,negative
не то чего ожидала, думала будут свободными, но сели в облипку. Качество не очень приятное,negative
Фигня,negative
Кофта отвратительная, рисунок не четкий. Смотрится дешево, не соответствует  картинке,negative
Заказ не пришёл! Деньги не вернули! ,negative
Отвратительное обслуживание! Мне не пришла водолазка вообще, я заказала вначале ноября, не заказывайте у них ничего! Это обманщики , они отказали мне в возврате средств, просто взяли деньги и не отдали товар, ужасно!!!!,negative
товар шел очень долго к отпуску не успел, пошив ужасный так же как и крой,negative
Товар отправляли больше недели. Пришёл довольно быстро, это единственный плюс. Качество отвратительное,очень тонкая ткань, вся просвечивается. Не стоит своих денег однозначно. Цвет намного светлее чем на фото. Просто ужасный товар.,negative
Товар так и не пришёл...время ожидания 4 месяца!!! Открыла спор, деньги вернули ,negative
"Платье хорошее, но с браком. на переди
 горизонтальная дырка 10 см и дорожка...очень жаль...",negative
Ужасный продавец. Кормит завтраками. Заказ так и не пришел. Два раза открывала спор. Деньги не вернули. ,negative
Товар не пришёл, Деньгин к вернули!!,negative
уфф..одно хочу сказать ОБЯЗАТЕЛЬНО общайтесь с продавцом!!!просите у него фото с размерами,а то заливают про ручное измерение, которое почему то может ошибиться на 4 см!!я этого не сделала, а потом только узнала что по факту разные цвета имеют разный размер, как утверждает продавец все с разных фабрик.Такое ощущение что раньше были размеры, а потом продавец решил не парится и сделать один..иначе мне непонятно как у одних покупателей размер изделия длинный, а у других короткий, даже одного и того же цвета..мне не повезло, короткое изделие попалось..на параметры рост 165 вес 55, 86-70-92, рукава и длина короткие, при поднятии рук все задирается и оголяется, по объемам нормально в обтяг..(параметры изделия у меня были длина 53,5, рукав 50, плечи 31) и не смотря на то что тянется при движении рукава и длина ползет вверх и встает на свое место, учтите это. Продавец хоть и общительный, всячески пытался извернуться и не возвращать деньги, но спасибо али через спор вернули.,negative
Платье пришло быстро, но качество ужасно. подкладка пришита криво, верх свободный, на размер больше, а низ узкий и безумно короткий! Самое удивительное - это молния на спине, которая после застёгивания пошла волнами по спине. К тому же она внешняя, большая, толстая, как на спортивном костюме!,negative
Плохая шапка: тонкая, кривая, плохо прошитая,negative
Тонкая синтетическая ткань. Обтягивает живот - некрасиво. Носить не буду. По качеству швов - все хорошо сшито. ,negative
Когда Вы вернете деньги?возврат одобрен еще 09.08.17,сегодня уже 15.08.17. Сколько еще ждать?,negative
the smell does not go away even after washing in the photo things looks good, I will order more from this supplier,negative
ужас, пришла короткая, нитки торчат, открыла спор продавец игнорит,negative
Товар не пришёл. Доставили эти штаны в другой город непонятно куда ,negative
товар пришел как на картинки размеры совпадают единственный минус то что оборки обе левые а пришиты по разным сторонам сборка разная и смотрится некрасиво срази видно что китайская! ткань хорошая но в ней жарко сшито не аккуратно обидно за такие деньги можно было бы красиво сшить!!!!!!,negative
Ужасный продавец, посылка потерялась где-то по пути, продляли срок защиты несколько раз, в итоге открыла спор и тут началось.... кто уж там отвечает на эти споры не знаю, в общем, стали меня слезно просить отменить спор, т.к. с этой девушки за каждый не закрытый спор выщитывают деньги и $3 для  бедных китайцев большая сумма... повелась на эти мольбы спор закрыла. Обратилась в онлайн чате к сотрудникам алиэкспресс (по- человечески мне жалко, конечно, китайских девушек, но и самой не хотелось оставаться с фигой) те в свою очередь посоветовали открыть спор заново и не верить таким продавцам. Открыла спор второй раз, уже и срок защиты закончился. Опять началась та же песня со стороны продавца. В итоге, после непродолжительной переписки, продавец согласился на возврат денежных средств. В общем, не советую связываться с этим продавцом.,negative
мне очень не понравилось качество товара! не соответствует описанию и размерам! пошив очень плохой и весят нити на платье! я не довольна товаром!!!,negative
товар не пришел,через обострение спора вернули деньги,negative
Дырка на сетке.,negative
капец это самая худшая вещь с Али а купленных товаров у меня очень много,задумка костюма супер,доставка мега быстрая самая быстрая в этом году,но ткань голимая тонкая жесткая шурщащая синтетика которая колится и не сидит нормально ,внизу штаны перекошены пошив ужас,кофта просто бесформенная,швы  ломпасов волной идут,очень жаль повелась на цену хотя очень привлекает и модель и цена,но такого разочарования я давно не испытывала,продавцу спасибо за доставку но больше звёзд не могу поставить (,negative
Платье  само не плохое.  по размеру подошло идеально. Но всё,  что касается продавца,  это катастрофа.  Я полтора месяца ждала только пока отправят мой заказ. не один раз писала продавцу,  мне отвечали, но с места ничего не двигалось. После отправки платье пришло быстро,  около 2 недель до Питера. За платье спасибо! Обработка заказов отвратительная!,negative
Качество ужасное. Прям УЖАСНОЕ. Будто из б/у-шной ткани сшили. Носить не буду даже дома. ,negative
В двух местах не прошиты. Швы расходятся.,negative
заказала платье 20 июля. на данный момент 22 сентября. в итоге платья нет, спор отклонили, жалобу отклонили. ч общем ни платья ни денег. ужасный продавец, да и служба али экспресс.,negative
юбка отличная но пришла с дыркой на фото видно, что очень расстроило(((,negative
Пришло только спустя 1,5 месяца! Что то было на таможне! Сшито неаккуратно, весь подклад вылезает из под пальто! Кнопки 2 отвалились, швы расходятся, видимо нитки плохие и дешёвые ,negative
Дырки, не ровные края, нитки. ,negative
я не давольна заказом,negative
товар не пришел. открыла спор, обещал вернуть деньги.. так и не вернул,negative
Продавец,кормил обещаниями товар не пришёл деньги не вернули .сказали что деньги мы не возвращаем мы его правда отправили до свидания. Не рекомендую,negative
Ждали 100 дней заказ не пришол открыли спор но продовець тянул с возвратом,negative
Самая настоящая тряпка, да ещё и размер огромный прислали, не тот , который заказывала,negative
В треке показывает, что товар доставлен, но извещение не пришло, а придя на почту сказали, что уже забрали. Писала продавцу, но он не отвечает ,negative
"Не знаю откуда у Всех столько положительных отзывов. Мне продавец прислал полное Г. 

Вся сыпится. сшита криво. один рукав уже другого. Ремень короткий. рукава не обработаны-как он показывает в фото. носить невозможно , даже после целого валика. Продавец обманщик. ничего не вернул!!! В споре заставил меня высылать обратно. за свой счет. Команда Али тоже полное Г... очень расстроена. не советую",negative
Доставка шустрая! Свитерок вообще несуразный! Если бы увидела его в мас маркете  ни за что бы не купила! Торчит очень много ниток, рукава 3/4, а на фото продавца полная длина и конечно жутко светит!,negative
На пару размеров больше заявленого, прошито не качественно!,negative
Товар не пришел,деньги не вернули!,negative
Ужасно красится,negative
Длина действительно только на ребёнка, литр носить как шарф с руковами, обидно .,negative
Очень маленький размер, у меня рост 164, размер44-46, но это недоразумение какое-то получается. Левый бок очень короткий, когда поднимаешь руку, видеть бюстгальтер. Спасибо алиэкспресс, открыла спор и вернула деньги!!!,negative
"платье пришло, но у него отовсюду торчат нитки 
некоторые подрезать нельзя иначе изделие разойдется",negative
заказ ждала больше месяца, вместо обещанных 3 недель. продавец отправил дня через 4. сначла по Китаю трек отслеживался, потом просто пропал до прихода смс от СДЭК. доставили куртку плохо упакованной (пакет с технологическими отверстиями и почтовый пакет). сквозь оба пакета прекрасно проходил воздух. доставили куртку, ЗАРАЖЕННУЮ СПОРАМИ ПЛЕСЕНИ!!! запах плесени невыносимый!!! кроме того, по совету продавца на ОГ 110 взяла 5XL. куртка узка! на куртке маркировка 108 А. в таблице размеров таких цифр НЕТ. Итак, 1)доставка превысила плановые сроки 2) совет продавца оказался неграмотным 3) маркировка на изделии не соответствует размерной сетке. после спора на Али Алиэкспресс вернул мне 20$ без возврата товара. начальное предложение Али было другим. качество пошива куртки хорошее. рукава узковатые по крою. после 2х стирок куртка все еще воняет. держать в квартире такую вещь нельзя!,negative
материал отвратительный синтетика плохого качества (( цвет такой как на картинке.,negative
мне не понравилось. халат с молнией. молния толстая, ткать тонкая. все собралось непонятно как. Цена соответствует качеству.,negative
Цвет не соответствует описанию,заказывали бордовый,прислали красный.пришло быстро.открыли спор,частично вернули деньги ,negative
Просто ужас! Заказала две кофты, обе брак. Криво пришиты планки и криво клепки все сделаны! За одну деньги вернула. К этому продавцу ни ногой!,negative
не точное описание! кожа как с кресла машины.,negative
прождала заказ 73 дня, но заказ так и не пришел.((((,negative
"Dress is so-so, nothing unusual, I recommend order a size larger, looks very tight.

I really DON'T like the seller, because he couldn't send the dress very long time, DIDN'T answer my messages and DIDN'T want to give my money back. I DON'T recomend this seller.



Платье так себе, ничего необычного, советую заказывать на размер больше, а то очень обтягивает.

Очень НЕ понравился продавец, очень долго не отправлял товар, Не отвечал на сообщения и отклонял возможность вернуть деньги. Не советую у него заказывать.",negative
В целом неплохо, но ткань очень тонкая. Выкройка одного рукава больше, чем выкройка другого. Получается не красиво,negative
не понравился заказ, синтетика очень плотная не для лета майка,negative
Рубашка оказалась колючей и даже после стирки , она ужасно не приятна к телу. Ну а то, что на мой S, размер M оказался мал, это уже я виновата, надо было L заказывать.,negative
Размер, посоветованный продавцом оказался абсолютно не верен, не М, а XS. Размерной сетке не соответствует. Пытаясь урегулировать до открытия спора- оскорбил. После спора Али вернул всю стоимость. Хотя до закрытия спора  продавец решил схитрить и вернуть половину. Запах стойкий.,negative
Заказ так и не получила, открыла спор. Деньги вернули, спасибо АлиЭкспресс за содействие.,negative
К сожалению не получила,деньги вернули.Спасибо за честность.,negative
синтетика, а в описании хлопок! обман!,negative
Продавец не может обеспечить нормальную доставку. Я очень надеюсь что мне не придется больше иметь с ним дело,negative
К сожалению, платье  не соответствует фотографии и описанию, на которой представлено платье. Размер «S»  очень сильно велик в талии, в плечах. Рукава сильно короткие. Длина платье, не то, что мини, а минимини.,negative
Неоднозначное мнение, цвет совсем не тот , что на картинке , больше хаки чем бежевый, швы не ровные, на одной штанине вообще дырка,единственный плюс,дошло за 11 дней,более быстрой доставки ещё не было.,negative
деньги вернули но блузка не пришла,negative
Блузка пришла желтого цвета, отсутствовали пуговицы. После стирки ткань полиняла. Деньги в полном объёме вернули. ,negative
Футболка неплохого качества, есть торчащие нитки, дырка на воротнике, пятна розовые, которые не отстирываются, по фигуре села не очень, широкая внизу, заказывала такую же футболку у другого продавца все отлично, но с этой не повезло(((расстроена,negative
Ужасное качество, нитки торчат. Сам свитер из толстого трикотажа, а шахматные вставки пррсто вшиты грубыми швами, горловина слишком длинная, загнуть можно только внутрь,если наружу швы торчат.В общем в таком свитере только в лес ходить.,negative
свитер ужасный и по качеству и выглядит отвратительное!не довольна,negative
заказ не пришел.,negative
Качество отвратительное, фото абсолютно не соответствует товару, который пришел. На фото пояс ниже талии, но в моем случае-гораздо выше самой талии. Так что, если это платье отнести к одежде для беременных, то очень даже!!! Если нет, даже не надейтесь на удачную покупку. Спасибо за говно!!!!,negative
футболка в принципе понравилась если бы не одно НО. такое очущение что ее красили спереди так что и рисунок на спинке сверху отразился. вид сзади не улёт,negative
Заказывала размер 5 XL. Майка пришла меньшего размера, этикетка с номером размера отсутствовала. На фото видно, насколько она меньше такой же голубой майки размера 5 XL. Открыла спор.,negative
ужасные((( резинки не тянутся((((,negative
Заказ ждала 3 месяца, но он так и не пришёл.,negative
"Юбка шла ОЧЕНЬ долго, все сроки уже прошли, увеличивали срок защиты, не отслеживалась.

Продавец грубит при открытии спора и начинает давить на покупателя.

Юбка в целом не плохая, материал некачественный, но выглядит эффектно.",negative
Ткани разные !!!Выглядит дёшево и нелепо!До Москвы шло более месяца.,negative
Заказ так и не пришёл, деньги не вернули(,negative
Заказала  2  платья размер М цвета разные .черное платье -непонятно что , на спине огромные складки.  В см 15 .  плечи и бёдрах в самый раз .  Платье цвета бардо  село хорошо,negative
Это просто УЖАС.Размер заказала xl а пришло на десятилетнего ребёнка.Зацепка,замок пару раз застегнуть и всё,можно выкинуть.Мне постоянно шлют ерунду,незнаю как хоть другим приходит хорошее.И всё равно заказываю,надеюсь....,negative
"размер XL не соответствует русскому 48. 
соответствует 44 размеру. качество хорошее.",negative
товар так и не пришел при этом еще закрыли спор деньги не вернули. подавитесь вы этими деньгами.,negative
Время доставки закончилось, а товар так и не пришёл ! Не советую ,negative
Платье не соответствует размеру, завышена талия, плохое качество материала.,negative
не срответствует!еще и с дыркой!!!Ужас какой-то просто!!!,negative
ждала заказ больше 3 месяцев(((( так и не пришёл((( продавец отказался выплачивать деньги,negative
Не пришло,negative
товар не пришёл! !!! ужасно. продавец на связь не выходил.,negative
"товар не соответствовал размеру который был указан в заказе. белье было безразмерным и длинным, и цвет совсем другой, не такой как на картинке ((( пыталась подшить под себя, только испортила...
трусики были порваны...это ни куда не годится!!!(((",negative
Посылка не пришла, деньги не вернули,negative
Товар не приехал, статус что выполнено автоматически поставился .,negative
Вместо джемпера пришел нелепый подарок,открыла спор с продавцом,результат нулевой.Сколько заказывала на Али,такого безобразия еще не было!!!,negative
очень тоненькая! стоит недешево, а тонюсенькая! на рукавах нитки торчат,negative
Разочарование. Ластовица оказалась огромной и синтетической, настоящий развивающийся парус между ног :-/ весь вид из за этого испорчен, ленточки были распущены, пришлось самой полчаса ковыряться, чтобы их вдеть с малюсенькие ушки, одеваются туго, трещат так как не тянутся, кажется вот вот кружева поползут. задумка клевая, а выполнено ужасно(,negative
наконец то получила свою футболку спустя два с половиной месяца. Трек не отслеживался, постоянно тормошила продавца, который отвечал одно и то же. Ждите, ждите и ждите. Футболка хорошая ничего не могу сказать. Но больше у этого продавца заказывать ничего не буду и никому не рекомендую,negative
заказ не получила.продавец обманьщик,negative
не купите товары это магазин они отправляют вам бракованный и не дают деньги обратно,negative
ужасный поставщик. не рекомендую у него заказывать. ни товара, ни денег.,negative
Не соответствия размеров!!!,negative
Не получила((,negative
материал тянется во все стороны, выкройка воротника не ровная, платье слишком прозрачное, в общем не довольна,negative
плохо,negative
платье не пришло, очень обидно . пришел халат не моего размера. плохо, но деньги вернули,negative
оооооооооооооооооооооочень долго шел заказ. качество среднее. на майке маленькое жёлтое пятно,negative
Не получила товар вернули денег ,negative
Ужас!!!! Короткое!!!! Юбка просвечивает!!! Попу не прикрываем а ещё и разрез! Жуть не берите, ткань ужасная,negative
что это вообще???,negative
"Взяв на 2 размера больше юбка оказалась слишком короткой, но материалы у этой юбки прекрасные



Так что берите на 3-4 размера больше",negative
сидит странно, менее плотная, запах будто ткань где-то в сундуках лет 50 лежала. очень огорчена качеством,negative
"Полное несоответствие картинки с кофтой,которую я получила!Даже писать ничего не хочу!!!Ужас!Тряпка тряпкой! Буду открывать спор!А я так сильно ждала этого заказа!Ведь на фото видно,что вещь добротная,а на деле ерунда!Мне даже стыдно её будет надеть в люди!Я в СекенХенде фирменные вещи беру и ношу их с огромным удовольствием! И не стыдно сказать, что они из СекенХенда.
А у этой вещи,ну всё,просто отвратительное!",negative
Вещь одноразовая. После нескольких тренировок расползлась вся.,negative
Ткань совсем не та и смотрится не так ,negative
Очень расстроена этим заказом!!! Совсем не то, что в описании и на фото!!! Очень-очень тонкий! И не мешок, а очень узкий. Штаны вообще как лосины и короткие. Размер XL на 40-42 рус. размер, хотя по описанию должен идти на больший. Единственное что, обработка нормальная.  В остальном очень разочарована!!)) НЕ СТОИТ ЭТИХ ДЕНЕГ! В общем не рекомендую))!!!,negative
товар не пришел!,negative
Большой размер, а вытачка на грудь? Без вытачек для груди на фигуре не сидит - перед вздернулся к верху и торчит внизу углом. На пройме заломы.,negative
Ткань бракованная , не покупайте этот товар ,negative
Доставка быстрая , но пошивом очень недовольна , в поясе и подоле перекос очень заметный , цвет красивый темный шоколадный , на фото отсвечиват . Толстовка пригодится только для дачи . Я разочарована (,negative
размер хл судя по таблице: бедра114. длина 100, в реальности​ пришли маленькие, бедра 100, длина 90 см.Ужжжас!,negative
Толстовка пришла в пятнах и катышках...,negative
Просила чашку С, прислал А! До этого покупала 2 раза у него, все было норм, но в этот раз зря выкинула деньги,negative
Товар не пришел, деньги не вернули,negative
штаны говно.синтетика.длинные на 2метрового и безформенные,negative
Дали не тот трек, отправили поздно, в итоге платье, заказанное 11.11 пришло только в 2018 году, продавец на контакт шел неохотно. Качество плохое.  Визуально платье красивое, размер соответствует, но швы косые и ткань неприятная к телу.,negative
Ткань тонкий трикотаж, из за этого на груди сидит плохо, очень хлипко. Думала в районе груди, будет сидеть как корсет.,negative
вместо кардигана размера xl, пришла непонятная синтетическая тряпочка размера xl,которую я в саду в огород не надену. Верните деньги!!! Буду открывать спор.,negative